"","common_name","sci_name","year","count","County"
"1","Acadian Flycatcher","Empidonax virescens",2002,6,"Durham"
"2","Acadian Flycatcher","Empidonax virescens",2003,5,"Durham"
"3","Acadian Flycatcher","Empidonax virescens",2004,5,"Durham"
"4","Acadian Flycatcher","Empidonax virescens",2005,6,"Durham"
"5","Acadian Flycatcher","Empidonax virescens",2006,2,"Durham"
"6","Acadian Flycatcher","Empidonax virescens",2007,7,"Durham"
"7","Acadian Flycatcher","Empidonax virescens",2008,11,"Durham"
"8","Acadian Flycatcher","Empidonax virescens",2009,3,"Durham"
"9","Acadian Flycatcher","Empidonax virescens",2010,2,"Durham"
"10","Acadian Flycatcher","Empidonax virescens",2011,6,"Durham"
"11","Acadian Flycatcher","Empidonax virescens",2012,9,"Durham"
"12","Acadian Flycatcher","Empidonax virescens",2013,1,"Durham"
"13","Acadian Flycatcher","Empidonax virescens",2014,7,"Durham"
"14","Acadian Flycatcher","Empidonax virescens",2015,6,"Durham"
"15","Acadian Flycatcher","Empidonax virescens",2016,4,"Durham"
"16","Acadian Flycatcher","Empidonax virescens",2017,6,"Durham"
"17","Acadian Flycatcher","Empidonax virescens",2018,7,"Durham"
"18","Acadian Flycatcher","Empidonax virescens",2019,10,"Durham"
"19","Acadian Flycatcher","Empidonax virescens",2020,9,"Durham"
"20","Acadian Flycatcher","Empidonax virescens",2021,22,"Durham"
"21","Acadian Flycatcher","Empidonax virescens",2022,14,"Durham"
"22","Acadian Flycatcher","Empidonax virescens",2023,17,"Durham"
"23","American Crow","Corvus brachyrhynchos",2002,125,"Durham"
"24","American Crow","Corvus brachyrhynchos",2003,124,"Durham"
"25","American Crow","Corvus brachyrhynchos",2004,112,"Durham"
"26","American Crow","Corvus brachyrhynchos",2005,147,"Durham"
"27","American Crow","Corvus brachyrhynchos",2006,142,"Durham"
"28","American Crow","Corvus brachyrhynchos",2007,121,"Durham"
"29","American Crow","Corvus brachyrhynchos",2008,151,"Durham"
"30","American Crow","Corvus brachyrhynchos",2009,99,"Durham"
"31","American Crow","Corvus brachyrhynchos",2010,95,"Durham"
"32","American Crow","Corvus brachyrhynchos",2011,134,"Durham"
"33","American Crow","Corvus brachyrhynchos",2012,121,"Durham"
"34","American Crow","Corvus brachyrhynchos",2013,148,"Durham"
"35","American Crow","Corvus brachyrhynchos",2014,136,"Durham"
"36","American Crow","Corvus brachyrhynchos",2015,123,"Durham"
"37","American Crow","Corvus brachyrhynchos",2016,112,"Durham"
"38","American Crow","Corvus brachyrhynchos",2017,140,"Durham"
"39","American Crow","Corvus brachyrhynchos",2018,131,"Durham"
"40","American Crow","Corvus brachyrhynchos",2019,123,"Durham"
"41","American Crow","Corvus brachyrhynchos",2020,106,"Durham"
"42","American Crow","Corvus brachyrhynchos",2021,120,"Durham"
"43","American Crow","Corvus brachyrhynchos",2022,193,"Durham"
"44","American Crow","Corvus brachyrhynchos",2023,149,"Durham"
"45","American Goldfinch","Spinus tristis",2002,56,"Durham"
"46","American Goldfinch","Spinus tristis",2003,34,"Durham"
"47","American Goldfinch","Spinus tristis",2004,31,"Durham"
"48","American Goldfinch","Spinus tristis",2005,49,"Durham"
"49","American Goldfinch","Spinus tristis",2006,66,"Durham"
"50","American Goldfinch","Spinus tristis",2007,42,"Durham"
"51","American Goldfinch","Spinus tristis",2008,32,"Durham"
"52","American Goldfinch","Spinus tristis",2009,18,"Durham"
"53","American Goldfinch","Spinus tristis",2010,31,"Durham"
"54","American Goldfinch","Spinus tristis",2011,40,"Durham"
"55","American Goldfinch","Spinus tristis",2012,30,"Durham"
"56","American Goldfinch","Spinus tristis",2013,35,"Durham"
"57","American Goldfinch","Spinus tristis",2014,11,"Durham"
"58","American Goldfinch","Spinus tristis",2015,26,"Durham"
"59","American Goldfinch","Spinus tristis",2016,24,"Durham"
"60","American Goldfinch","Spinus tristis",2017,23,"Durham"
"61","American Goldfinch","Spinus tristis",2018,20,"Durham"
"62","American Goldfinch","Spinus tristis",2019,14,"Durham"
"63","American Goldfinch","Spinus tristis",2020,16,"Durham"
"64","American Goldfinch","Spinus tristis",2021,29,"Durham"
"65","American Goldfinch","Spinus tristis",2022,30,"Durham"
"66","American Goldfinch","Spinus tristis",2023,27,"Durham"
"67","American Redstart","Setophaga ruticilla",2002,1,"Durham"
"68","American Redstart","Setophaga ruticilla",2003,1,"Durham"
"69","American Redstart","Setophaga ruticilla",2004,1,"Durham"
"70","American Redstart","Setophaga ruticilla",2006,1,"Durham"
"71","American Redstart","Setophaga ruticilla",2009,1,"Durham"
"72","American Redstart","Setophaga ruticilla",2015,1,"Durham"
"73","American Redstart","Setophaga ruticilla",2016,1,"Durham"
"74","American Redstart","Setophaga ruticilla",2018,1,"Durham"
"75","American Redstart","Setophaga ruticilla",2019,1,"Durham"
"76","American Redstart","Setophaga ruticilla",2022,1,"Durham"
"77","American Robin","Turdus migratorius",2002,82,"Durham"
"78","American Robin","Turdus migratorius",2003,81,"Durham"
"79","American Robin","Turdus migratorius",2004,83,"Durham"
"80","American Robin","Turdus migratorius",2005,72,"Durham"
"81","American Robin","Turdus migratorius",2006,100,"Durham"
"82","American Robin","Turdus migratorius",2007,82,"Durham"
"83","American Robin","Turdus migratorius",2008,87,"Durham"
"84","American Robin","Turdus migratorius",2009,85,"Durham"
"85","American Robin","Turdus migratorius",2010,64,"Durham"
"86","American Robin","Turdus migratorius",2011,90,"Durham"
"87","American Robin","Turdus migratorius",2012,82,"Durham"
"88","American Robin","Turdus migratorius",2013,107,"Durham"
"89","American Robin","Turdus migratorius",2014,81,"Durham"
"90","American Robin","Turdus migratorius",2015,81,"Durham"
"91","American Robin","Turdus migratorius",2016,65,"Durham"
"92","American Robin","Turdus migratorius",2017,76,"Durham"
"93","American Robin","Turdus migratorius",2018,61,"Durham"
"94","American Robin","Turdus migratorius",2019,63,"Durham"
"95","American Robin","Turdus migratorius",2020,65,"Durham"
"96","American Robin","Turdus migratorius",2021,65,"Durham"
"97","American Robin","Turdus migratorius",2022,74,"Durham"
"98","American Robin","Turdus migratorius",2023,64,"Durham"
"99","American/Fish Crow","Corvus brachyrhynchos/ossifragus",2023,3,"Durham"
"100","Bald Eagle","Haliaeetus leucocephalus",2018,1,"Durham"
"101","Bald Eagle","Haliaeetus leucocephalus",2019,1,"Durham"
"102","Barn Swallow","Hirundo rustica",2002,26,"Durham"
"103","Barn Swallow","Hirundo rustica",2003,6,"Durham"
"104","Barn Swallow","Hirundo rustica",2004,18,"Durham"
"105","Barn Swallow","Hirundo rustica",2005,13,"Durham"
"106","Barn Swallow","Hirundo rustica",2006,12,"Durham"
"107","Barn Swallow","Hirundo rustica",2007,10,"Durham"
"108","Barn Swallow","Hirundo rustica",2008,7,"Durham"
"109","Barn Swallow","Hirundo rustica",2009,8,"Durham"
"110","Barn Swallow","Hirundo rustica",2010,8,"Durham"
"111","Barn Swallow","Hirundo rustica",2011,13,"Durham"
"112","Barn Swallow","Hirundo rustica",2012,11,"Durham"
"113","Barn Swallow","Hirundo rustica",2013,8,"Durham"
"114","Barn Swallow","Hirundo rustica",2014,14,"Durham"
"115","Barn Swallow","Hirundo rustica",2015,9,"Durham"
"116","Barn Swallow","Hirundo rustica",2016,3,"Durham"
"117","Barn Swallow","Hirundo rustica",2017,6,"Durham"
"118","Barn Swallow","Hirundo rustica",2018,10,"Durham"
"119","Barn Swallow","Hirundo rustica",2019,18,"Durham"
"120","Barn Swallow","Hirundo rustica",2020,5,"Durham"
"121","Barn Swallow","Hirundo rustica",2021,8,"Durham"
"122","Barn Swallow","Hirundo rustica",2022,6,"Durham"
"123","Barn Swallow","Hirundo rustica",2023,4,"Durham"
"124","Barred Owl","Strix varia",2002,2,"Durham"
"125","Barred Owl","Strix varia",2007,3,"Durham"
"126","Barred Owl","Strix varia",2011,3,"Durham"
"127","Barred Owl","Strix varia",2012,4,"Durham"
"128","Barred Owl","Strix varia",2013,1,"Durham"
"129","Barred Owl","Strix varia",2014,1,"Durham"
"130","Barred Owl","Strix varia",2015,2,"Durham"
"131","Barred Owl","Strix varia",2018,2,"Durham"
"132","Barred Owl","Strix varia",2020,1,"Durham"
"133","Barred Owl","Strix varia",2021,1,"Durham"
"134","Barred Owl","Strix varia",2022,2,"Durham"
"135","Belted Kingfisher","Megaceryle alcyon",2003,1,"Durham"
"136","Belted Kingfisher","Megaceryle alcyon",2006,1,"Durham"
"137","Belted Kingfisher","Megaceryle alcyon",2011,1,"Durham"
"138","Belted Kingfisher","Megaceryle alcyon",2012,1,"Durham"
"139","Belted Kingfisher","Megaceryle alcyon",2022,1,"Durham"
"140","Black Vulture","Coragyps atratus",2005,6,"Durham"
"141","Black Vulture","Coragyps atratus",2007,1,"Durham"
"142","Black Vulture","Coragyps atratus",2016,2,"Durham"
"143","Black Vulture","Coragyps atratus",2018,2,"Durham"
"144","Black Vulture","Coragyps atratus",2019,2,"Durham"
"145","Black Vulture","Coragyps atratus",2020,6,"Durham"
"146","Black Vulture","Coragyps atratus",2021,4,"Durham"
"147","Black Vulture","Coragyps atratus",2022,2,"Durham"
"148","Black Vulture","Coragyps atratus",2023,3,"Durham"
"149","Blue Grosbeak","Passerina caerulea",2002,4,"Durham"
"150","Blue Grosbeak","Passerina caerulea",2003,14,"Durham"
"151","Blue Grosbeak","Passerina caerulea",2004,4,"Durham"
"152","Blue Grosbeak","Passerina caerulea",2005,9,"Durham"
"153","Blue Grosbeak","Passerina caerulea",2006,16,"Durham"
"154","Blue Grosbeak","Passerina caerulea",2007,14,"Durham"
"155","Blue Grosbeak","Passerina caerulea",2008,9,"Durham"
"156","Blue Grosbeak","Passerina caerulea",2009,10,"Durham"
"157","Blue Grosbeak","Passerina caerulea",2010,5,"Durham"
"158","Blue Grosbeak","Passerina caerulea",2011,13,"Durham"
"159","Blue Grosbeak","Passerina caerulea",2012,15,"Durham"
"160","Blue Grosbeak","Passerina caerulea",2013,8,"Durham"
"161","Blue Grosbeak","Passerina caerulea",2014,8,"Durham"
"162","Blue Grosbeak","Passerina caerulea",2015,7,"Durham"
"163","Blue Grosbeak","Passerina caerulea",2016,11,"Durham"
"164","Blue Grosbeak","Passerina caerulea",2017,9,"Durham"
"165","Blue Grosbeak","Passerina caerulea",2018,15,"Durham"
"166","Blue Grosbeak","Passerina caerulea",2019,22,"Durham"
"167","Blue Grosbeak","Passerina caerulea",2020,19,"Durham"
"168","Blue Grosbeak","Passerina caerulea",2021,19,"Durham"
"169","Blue Grosbeak","Passerina caerulea",2022,15,"Durham"
"170","Blue Grosbeak","Passerina caerulea",2023,21,"Durham"
"171","Blue Jay","Cyanocitta cristata",2002,43,"Durham"
"172","Blue Jay","Cyanocitta cristata",2003,39,"Durham"
"173","Blue Jay","Cyanocitta cristata",2004,43,"Durham"
"174","Blue Jay","Cyanocitta cristata",2005,32,"Durham"
"175","Blue Jay","Cyanocitta cristata",2006,30,"Durham"
"176","Blue Jay","Cyanocitta cristata",2007,36,"Durham"
"177","Blue Jay","Cyanocitta cristata",2008,32,"Durham"
"178","Blue Jay","Cyanocitta cristata",2009,23,"Durham"
"179","Blue Jay","Cyanocitta cristata",2010,22,"Durham"
"180","Blue Jay","Cyanocitta cristata",2011,25,"Durham"
"181","Blue Jay","Cyanocitta cristata",2012,31,"Durham"
"182","Blue Jay","Cyanocitta cristata",2013,21,"Durham"
"183","Blue Jay","Cyanocitta cristata",2014,23,"Durham"
"184","Blue Jay","Cyanocitta cristata",2015,29,"Durham"
"185","Blue Jay","Cyanocitta cristata",2016,26,"Durham"
"186","Blue Jay","Cyanocitta cristata",2017,22,"Durham"
"187","Blue Jay","Cyanocitta cristata",2018,25,"Durham"
"188","Blue Jay","Cyanocitta cristata",2019,31,"Durham"
"189","Blue Jay","Cyanocitta cristata",2020,25,"Durham"
"190","Blue Jay","Cyanocitta cristata",2021,25,"Durham"
"191","Blue Jay","Cyanocitta cristata",2022,24,"Durham"
"192","Blue Jay","Cyanocitta cristata",2023,21,"Durham"
"193","Blue-gray Gnatcatcher","Polioptila caerulea",2002,56,"Durham"
"194","Blue-gray Gnatcatcher","Polioptila caerulea",2003,53,"Durham"
"195","Blue-gray Gnatcatcher","Polioptila caerulea",2004,93,"Durham"
"196","Blue-gray Gnatcatcher","Polioptila caerulea",2005,52,"Durham"
"197","Blue-gray Gnatcatcher","Polioptila caerulea",2006,52,"Durham"
"198","Blue-gray Gnatcatcher","Polioptila caerulea",2007,55,"Durham"
"199","Blue-gray Gnatcatcher","Polioptila caerulea",2008,84,"Durham"
"200","Blue-gray Gnatcatcher","Polioptila caerulea",2009,65,"Durham"
"201","Blue-gray Gnatcatcher","Polioptila caerulea",2010,19,"Durham"
"202","Blue-gray Gnatcatcher","Polioptila caerulea",2011,52,"Durham"
"203","Blue-gray Gnatcatcher","Polioptila caerulea",2012,26,"Durham"
"204","Blue-gray Gnatcatcher","Polioptila caerulea",2013,45,"Durham"
"205","Blue-gray Gnatcatcher","Polioptila caerulea",2014,52,"Durham"
"206","Blue-gray Gnatcatcher","Polioptila caerulea",2015,30,"Durham"
"207","Blue-gray Gnatcatcher","Polioptila caerulea",2016,19,"Durham"
"208","Blue-gray Gnatcatcher","Polioptila caerulea",2017,38,"Durham"
"209","Blue-gray Gnatcatcher","Polioptila caerulea",2018,68,"Durham"
"210","Blue-gray Gnatcatcher","Polioptila caerulea",2019,57,"Durham"
"211","Blue-gray Gnatcatcher","Polioptila caerulea",2020,86,"Durham"
"212","Blue-gray Gnatcatcher","Polioptila caerulea",2021,47,"Durham"
"213","Blue-gray Gnatcatcher","Polioptila caerulea",2022,62,"Durham"
"214","Blue-gray Gnatcatcher","Polioptila caerulea",2023,65,"Durham"
"215","Blue-headed Vireo","Vireo solitarius",2008,1,"Durham"
"216","Blue-headed Vireo","Vireo solitarius",2010,1,"Durham"
"217","Blue-headed Vireo","Vireo solitarius",2013,2,"Durham"
"218","Blue-headed Vireo","Vireo solitarius",2015,1,"Durham"
"219","Broad-winged Hawk","Buteo platypterus",2005,1,"Durham"
"220","Brown Thrasher","Toxostoma rufum",2002,10,"Durham"
"221","Brown Thrasher","Toxostoma rufum",2003,10,"Durham"
"222","Brown Thrasher","Toxostoma rufum",2004,11,"Durham"
"223","Brown Thrasher","Toxostoma rufum",2005,9,"Durham"
"224","Brown Thrasher","Toxostoma rufum",2006,5,"Durham"
"225","Brown Thrasher","Toxostoma rufum",2007,6,"Durham"
"226","Brown Thrasher","Toxostoma rufum",2008,10,"Durham"
"227","Brown Thrasher","Toxostoma rufum",2009,7,"Durham"
"228","Brown Thrasher","Toxostoma rufum",2010,11,"Durham"
"229","Brown Thrasher","Toxostoma rufum",2011,8,"Durham"
"230","Brown Thrasher","Toxostoma rufum",2012,26,"Durham"
"231","Brown Thrasher","Toxostoma rufum",2013,22,"Durham"
"232","Brown Thrasher","Toxostoma rufum",2014,14,"Durham"
"233","Brown Thrasher","Toxostoma rufum",2015,8,"Durham"
"234","Brown Thrasher","Toxostoma rufum",2016,9,"Durham"
"235","Brown Thrasher","Toxostoma rufum",2017,11,"Durham"
"236","Brown Thrasher","Toxostoma rufum",2018,10,"Durham"
"237","Brown Thrasher","Toxostoma rufum",2019,19,"Durham"
"238","Brown Thrasher","Toxostoma rufum",2020,11,"Durham"
"239","Brown Thrasher","Toxostoma rufum",2021,9,"Durham"
"240","Brown Thrasher","Toxostoma rufum",2022,12,"Durham"
"241","Brown Thrasher","Toxostoma rufum",2023,12,"Durham"
"242","Brown-headed Cowbird","Molothrus ater",2002,25,"Durham"
"243","Brown-headed Cowbird","Molothrus ater",2003,19,"Durham"
"244","Brown-headed Cowbird","Molothrus ater",2004,19,"Durham"
"245","Brown-headed Cowbird","Molothrus ater",2005,43,"Durham"
"246","Brown-headed Cowbird","Molothrus ater",2006,46,"Durham"
"247","Brown-headed Cowbird","Molothrus ater",2007,17,"Durham"
"248","Brown-headed Cowbird","Molothrus ater",2008,27,"Durham"
"249","Brown-headed Cowbird","Molothrus ater",2009,14,"Durham"
"250","Brown-headed Cowbird","Molothrus ater",2010,17,"Durham"
"251","Brown-headed Cowbird","Molothrus ater",2011,20,"Durham"
"252","Brown-headed Cowbird","Molothrus ater",2012,17,"Durham"
"253","Brown-headed Cowbird","Molothrus ater",2013,28,"Durham"
"254","Brown-headed Cowbird","Molothrus ater",2014,17,"Durham"
"255","Brown-headed Cowbird","Molothrus ater",2015,15,"Durham"
"256","Brown-headed Cowbird","Molothrus ater",2016,17,"Durham"
"257","Brown-headed Cowbird","Molothrus ater",2017,16,"Durham"
"258","Brown-headed Cowbird","Molothrus ater",2018,15,"Durham"
"259","Brown-headed Cowbird","Molothrus ater",2019,24,"Durham"
"260","Brown-headed Cowbird","Molothrus ater",2020,43,"Durham"
"261","Brown-headed Cowbird","Molothrus ater",2021,38,"Durham"
"262","Brown-headed Cowbird","Molothrus ater",2022,42,"Durham"
"263","Brown-headed Cowbird","Molothrus ater",2023,44,"Durham"
"264","Brown-headed Nuthatch","Sitta pusilla",2002,17,"Durham"
"265","Brown-headed Nuthatch","Sitta pusilla",2003,12,"Durham"
"266","Brown-headed Nuthatch","Sitta pusilla",2004,9,"Durham"
"267","Brown-headed Nuthatch","Sitta pusilla",2005,18,"Durham"
"268","Brown-headed Nuthatch","Sitta pusilla",2006,20,"Durham"
"269","Brown-headed Nuthatch","Sitta pusilla",2007,11,"Durham"
"270","Brown-headed Nuthatch","Sitta pusilla",2008,5,"Durham"
"271","Brown-headed Nuthatch","Sitta pusilla",2009,8,"Durham"
"272","Brown-headed Nuthatch","Sitta pusilla",2010,19,"Durham"
"273","Brown-headed Nuthatch","Sitta pusilla",2011,15,"Durham"
"274","Brown-headed Nuthatch","Sitta pusilla",2012,10,"Durham"
"275","Brown-headed Nuthatch","Sitta pusilla",2013,7,"Durham"
"276","Brown-headed Nuthatch","Sitta pusilla",2015,3,"Durham"
"277","Brown-headed Nuthatch","Sitta pusilla",2016,15,"Durham"
"278","Brown-headed Nuthatch","Sitta pusilla",2017,12,"Durham"
"279","Brown-headed Nuthatch","Sitta pusilla",2018,3,"Durham"
"280","Brown-headed Nuthatch","Sitta pusilla",2019,5,"Durham"
"281","Brown-headed Nuthatch","Sitta pusilla",2020,9,"Durham"
"282","Brown-headed Nuthatch","Sitta pusilla",2021,8,"Durham"
"283","Brown-headed Nuthatch","Sitta pusilla",2022,11,"Durham"
"284","Brown-headed Nuthatch","Sitta pusilla",2023,12,"Durham"
"285","Canada Goose","Branta canadensis",2002,8,"Durham"
"286","Canada Goose","Branta canadensis",2003,32,"Durham"
"287","Canada Goose","Branta canadensis",2004,34,"Durham"
"288","Canada Goose","Branta canadensis",2005,39,"Durham"
"289","Canada Goose","Branta canadensis",2006,57,"Durham"
"290","Canada Goose","Branta canadensis",2007,20,"Durham"
"291","Canada Goose","Branta canadensis",2008,63,"Durham"
"292","Canada Goose","Branta canadensis",2009,2,"Durham"
"293","Canada Goose","Branta canadensis",2010,6,"Durham"
"294","Canada Goose","Branta canadensis",2011,34,"Durham"
"295","Canada Goose","Branta canadensis",2012,77,"Durham"
"296","Canada Goose","Branta canadensis",2013,55,"Durham"
"297","Canada Goose","Branta canadensis",2014,49,"Durham"
"298","Canada Goose","Branta canadensis",2015,16,"Durham"
"299","Canada Goose","Branta canadensis",2016,60,"Durham"
"300","Canada Goose","Branta canadensis",2017,41,"Durham"
"301","Canada Goose","Branta canadensis",2018,7,"Durham"
"302","Canada Goose","Branta canadensis",2019,36,"Durham"
"303","Canada Goose","Branta canadensis",2020,16,"Durham"
"304","Canada Goose","Branta canadensis",2021,30,"Durham"
"305","Canada Goose","Branta canadensis",2022,20,"Durham"
"306","Canada Goose","Branta canadensis",2023,112,"Durham"
"307","Carolina Chickadee","Poecile carolinensis",2002,55,"Durham"
"308","Carolina Chickadee","Poecile carolinensis",2003,49,"Durham"
"309","Carolina Chickadee","Poecile carolinensis",2004,30,"Durham"
"310","Carolina Chickadee","Poecile carolinensis",2005,41,"Durham"
"311","Carolina Chickadee","Poecile carolinensis",2006,47,"Durham"
"312","Carolina Chickadee","Poecile carolinensis",2007,43,"Durham"
"313","Carolina Chickadee","Poecile carolinensis",2008,72,"Durham"
"314","Carolina Chickadee","Poecile carolinensis",2009,44,"Durham"
"315","Carolina Chickadee","Poecile carolinensis",2010,15,"Durham"
"316","Carolina Chickadee","Poecile carolinensis",2011,73,"Durham"
"317","Carolina Chickadee","Poecile carolinensis",2012,49,"Durham"
"318","Carolina Chickadee","Poecile carolinensis",2013,48,"Durham"
"319","Carolina Chickadee","Poecile carolinensis",2014,35,"Durham"
"320","Carolina Chickadee","Poecile carolinensis",2015,44,"Durham"
"321","Carolina Chickadee","Poecile carolinensis",2016,24,"Durham"
"322","Carolina Chickadee","Poecile carolinensis",2017,30,"Durham"
"323","Carolina Chickadee","Poecile carolinensis",2018,54,"Durham"
"324","Carolina Chickadee","Poecile carolinensis",2019,37,"Durham"
"325","Carolina Chickadee","Poecile carolinensis",2020,60,"Durham"
"326","Carolina Chickadee","Poecile carolinensis",2021,86,"Durham"
"327","Carolina Chickadee","Poecile carolinensis",2022,55,"Durham"
"328","Carolina Chickadee","Poecile carolinensis",2023,50,"Durham"
"329","Carolina Wren","Thryothorus ludovicianus",2002,89,"Durham"
"330","Carolina Wren","Thryothorus ludovicianus",2003,52,"Durham"
"331","Carolina Wren","Thryothorus ludovicianus",2004,85,"Durham"
"332","Carolina Wren","Thryothorus ludovicianus",2005,112,"Durham"
"333","Carolina Wren","Thryothorus ludovicianus",2006,114,"Durham"
"334","Carolina Wren","Thryothorus ludovicianus",2007,113,"Durham"
"335","Carolina Wren","Thryothorus ludovicianus",2008,77,"Durham"
"336","Carolina Wren","Thryothorus ludovicianus",2009,107,"Durham"
"337","Carolina Wren","Thryothorus ludovicianus",2010,95,"Durham"
"338","Carolina Wren","Thryothorus ludovicianus",2011,103,"Durham"
"339","Carolina Wren","Thryothorus ludovicianus",2012,109,"Durham"
"340","Carolina Wren","Thryothorus ludovicianus",2013,109,"Durham"
"341","Carolina Wren","Thryothorus ludovicianus",2014,91,"Durham"
"342","Carolina Wren","Thryothorus ludovicianus",2015,71,"Durham"
"343","Carolina Wren","Thryothorus ludovicianus",2016,60,"Durham"
"344","Carolina Wren","Thryothorus ludovicianus",2017,74,"Durham"
"345","Carolina Wren","Thryothorus ludovicianus",2018,94,"Durham"
"346","Carolina Wren","Thryothorus ludovicianus",2019,134,"Durham"
"347","Carolina Wren","Thryothorus ludovicianus",2020,128,"Durham"
"348","Carolina Wren","Thryothorus ludovicianus",2021,124,"Durham"
"349","Carolina Wren","Thryothorus ludovicianus",2022,136,"Durham"
"350","Carolina Wren","Thryothorus ludovicianus",2023,120,"Durham"
"351","Cedar Waxwing","Bombycilla cedrorum",2004,6,"Durham"
"352","Cedar Waxwing","Bombycilla cedrorum",2005,1,"Durham"
"353","Cedar Waxwing","Bombycilla cedrorum",2007,7,"Durham"
"354","Cedar Waxwing","Bombycilla cedrorum",2011,3,"Durham"
"355","Cedar Waxwing","Bombycilla cedrorum",2020,4,"Durham"
"356","Chimney Swift","Chaetura pelagica",2002,81,"Durham"
"357","Chimney Swift","Chaetura pelagica",2003,45,"Durham"
"358","Chimney Swift","Chaetura pelagica",2004,48,"Durham"
"359","Chimney Swift","Chaetura pelagica",2005,51,"Durham"
"360","Chimney Swift","Chaetura pelagica",2006,18,"Durham"
"361","Chimney Swift","Chaetura pelagica",2007,26,"Durham"
"362","Chimney Swift","Chaetura pelagica",2008,28,"Durham"
"363","Chimney Swift","Chaetura pelagica",2009,22,"Durham"
"364","Chimney Swift","Chaetura pelagica",2010,32,"Durham"
"365","Chimney Swift","Chaetura pelagica",2011,50,"Durham"
"366","Chimney Swift","Chaetura pelagica",2012,38,"Durham"
"367","Chimney Swift","Chaetura pelagica",2013,38,"Durham"
"368","Chimney Swift","Chaetura pelagica",2014,25,"Durham"
"369","Chimney Swift","Chaetura pelagica",2015,22,"Durham"
"370","Chimney Swift","Chaetura pelagica",2016,14,"Durham"
"371","Chimney Swift","Chaetura pelagica",2017,27,"Durham"
"372","Chimney Swift","Chaetura pelagica",2018,21,"Durham"
"373","Chimney Swift","Chaetura pelagica",2019,35,"Durham"
"374","Chimney Swift","Chaetura pelagica",2020,25,"Durham"
"375","Chimney Swift","Chaetura pelagica",2021,18,"Durham"
"376","Chimney Swift","Chaetura pelagica",2022,27,"Durham"
"377","Chimney Swift","Chaetura pelagica",2023,23,"Durham"
"378","Chipping Sparrow","Spizella passerina",2002,71,"Durham"
"379","Chipping Sparrow","Spizella passerina",2003,75,"Durham"
"380","Chipping Sparrow","Spizella passerina",2004,62,"Durham"
"381","Chipping Sparrow","Spizella passerina",2005,64,"Durham"
"382","Chipping Sparrow","Spizella passerina",2006,65,"Durham"
"383","Chipping Sparrow","Spizella passerina",2007,79,"Durham"
"384","Chipping Sparrow","Spizella passerina",2008,94,"Durham"
"385","Chipping Sparrow","Spizella passerina",2009,59,"Durham"
"386","Chipping Sparrow","Spizella passerina",2010,27,"Durham"
"387","Chipping Sparrow","Spizella passerina",2011,78,"Durham"
"388","Chipping Sparrow","Spizella passerina",2012,88,"Durham"
"389","Chipping Sparrow","Spizella passerina",2013,90,"Durham"
"390","Chipping Sparrow","Spizella passerina",2014,67,"Durham"
"391","Chipping Sparrow","Spizella passerina",2015,65,"Durham"
"392","Chipping Sparrow","Spizella passerina",2016,69,"Durham"
"393","Chipping Sparrow","Spizella passerina",2017,85,"Durham"
"394","Chipping Sparrow","Spizella passerina",2018,72,"Durham"
"395","Chipping Sparrow","Spizella passerina",2019,77,"Durham"
"396","Chipping Sparrow","Spizella passerina",2020,84,"Durham"
"397","Chipping Sparrow","Spizella passerina",2021,105,"Durham"
"398","Chipping Sparrow","Spizella passerina",2022,111,"Durham"
"399","Chipping Sparrow","Spizella passerina",2023,132,"Durham"
"400","Chuck-will's-widow","Antrostomus carolinensis",2014,1,"Durham"
"401","Chuck-will's-widow","Antrostomus carolinensis",2019,1,"Durham"
"402","Chuck-will's-widow","Antrostomus carolinensis",2023,1,"Durham"
"403","Common Grackle","Quiscalus quiscula",2002,123,"Durham"
"404","Common Grackle","Quiscalus quiscula",2003,63,"Durham"
"405","Common Grackle","Quiscalus quiscula",2004,65,"Durham"
"406","Common Grackle","Quiscalus quiscula",2005,44,"Durham"
"407","Common Grackle","Quiscalus quiscula",2006,99,"Durham"
"408","Common Grackle","Quiscalus quiscula",2007,45,"Durham"
"409","Common Grackle","Quiscalus quiscula",2008,90,"Durham"
"410","Common Grackle","Quiscalus quiscula",2009,117,"Durham"
"411","Common Grackle","Quiscalus quiscula",2010,45,"Durham"
"412","Common Grackle","Quiscalus quiscula",2011,100,"Durham"
"413","Common Grackle","Quiscalus quiscula",2012,89,"Durham"
"414","Common Grackle","Quiscalus quiscula",2013,46,"Durham"
"415","Common Grackle","Quiscalus quiscula",2014,22,"Durham"
"416","Common Grackle","Quiscalus quiscula",2015,37,"Durham"
"417","Common Grackle","Quiscalus quiscula",2016,22,"Durham"
"418","Common Grackle","Quiscalus quiscula",2017,26,"Durham"
"419","Common Grackle","Quiscalus quiscula",2018,12,"Durham"
"420","Common Grackle","Quiscalus quiscula",2019,112,"Durham"
"421","Common Grackle","Quiscalus quiscula",2020,31,"Durham"
"422","Common Grackle","Quiscalus quiscula",2021,27,"Durham"
"423","Common Grackle","Quiscalus quiscula",2022,30,"Durham"
"424","Common Grackle","Quiscalus quiscula",2023,7,"Durham"
"425","Common Nighthawk","Chordeiles minor",2002,1,"Durham"
"426","Common Yellowthroat","Geothlypis trichas",2002,11,"Durham"
"427","Common Yellowthroat","Geothlypis trichas",2003,10,"Durham"
"428","Common Yellowthroat","Geothlypis trichas",2004,16,"Durham"
"429","Common Yellowthroat","Geothlypis trichas",2005,9,"Durham"
"430","Common Yellowthroat","Geothlypis trichas",2006,7,"Durham"
"431","Common Yellowthroat","Geothlypis trichas",2007,10,"Durham"
"432","Common Yellowthroat","Geothlypis trichas",2008,8,"Durham"
"433","Common Yellowthroat","Geothlypis trichas",2009,7,"Durham"
"434","Common Yellowthroat","Geothlypis trichas",2010,2,"Durham"
"435","Common Yellowthroat","Geothlypis trichas",2011,7,"Durham"
"436","Common Yellowthroat","Geothlypis trichas",2012,11,"Durham"
"437","Common Yellowthroat","Geothlypis trichas",2013,8,"Durham"
"438","Common Yellowthroat","Geothlypis trichas",2014,7,"Durham"
"439","Common Yellowthroat","Geothlypis trichas",2015,5,"Durham"
"440","Common Yellowthroat","Geothlypis trichas",2016,5,"Durham"
"441","Common Yellowthroat","Geothlypis trichas",2017,4,"Durham"
"442","Common Yellowthroat","Geothlypis trichas",2018,5,"Durham"
"443","Common Yellowthroat","Geothlypis trichas",2019,19,"Durham"
"444","Common Yellowthroat","Geothlypis trichas",2020,9,"Durham"
"445","Common Yellowthroat","Geothlypis trichas",2021,13,"Durham"
"446","Common Yellowthroat","Geothlypis trichas",2022,11,"Durham"
"447","Common Yellowthroat","Geothlypis trichas",2023,5,"Durham"
"448","Cooper's Hawk","Accipiter cooperii",2004,1,"Durham"
"449","Cooper's Hawk","Accipiter cooperii",2008,2,"Durham"
"450","Cooper's Hawk","Accipiter cooperii",2015,1,"Durham"
"451","Cooper's Hawk","Accipiter cooperii",2018,1,"Durham"
"452","Cooper's Hawk","Accipiter cooperii",2022,1,"Durham"
"453","Cooper's Hawk","Accipiter cooperii",2023,2,"Durham"
"454","Double-crested Cormorant","Nannopterum auritum",2002,2,"Durham"
"455","Double-crested Cormorant","Nannopterum auritum",2009,2,"Durham"
"456","Double-crested Cormorant","Nannopterum auritum",2013,5,"Durham"
"457","Double-crested Cormorant","Nannopterum auritum",2014,1,"Durham"
"458","Downy Woodpecker","Dryobates pubescens",2002,15,"Durham"
"459","Downy Woodpecker","Dryobates pubescens",2003,7,"Durham"
"460","Downy Woodpecker","Dryobates pubescens",2004,17,"Durham"
"461","Downy Woodpecker","Dryobates pubescens",2005,11,"Durham"
"462","Downy Woodpecker","Dryobates pubescens",2006,13,"Durham"
"463","Downy Woodpecker","Dryobates pubescens",2007,14,"Durham"
"464","Downy Woodpecker","Dryobates pubescens",2008,12,"Durham"
"465","Downy Woodpecker","Dryobates pubescens",2009,7,"Durham"
"466","Downy Woodpecker","Dryobates pubescens",2010,8,"Durham"
"467","Downy Woodpecker","Dryobates pubescens",2011,9,"Durham"
"468","Downy Woodpecker","Dryobates pubescens",2012,22,"Durham"
"469","Downy Woodpecker","Dryobates pubescens",2013,10,"Durham"
"470","Downy Woodpecker","Dryobates pubescens",2014,8,"Durham"
"471","Downy Woodpecker","Dryobates pubescens",2015,9,"Durham"
"472","Downy Woodpecker","Dryobates pubescens",2016,6,"Durham"
"473","Downy Woodpecker","Dryobates pubescens",2017,6,"Durham"
"474","Downy Woodpecker","Dryobates pubescens",2018,5,"Durham"
"475","Downy Woodpecker","Dryobates pubescens",2019,10,"Durham"
"476","Downy Woodpecker","Dryobates pubescens",2020,12,"Durham"
"477","Downy Woodpecker","Dryobates pubescens",2021,14,"Durham"
"478","Downy Woodpecker","Dryobates pubescens",2022,15,"Durham"
"479","Downy Woodpecker","Dryobates pubescens",2023,23,"Durham"
"480","Eastern Bluebird","Sialia sialis",2002,33,"Durham"
"481","Eastern Bluebird","Sialia sialis",2003,21,"Durham"
"482","Eastern Bluebird","Sialia sialis",2004,39,"Durham"
"483","Eastern Bluebird","Sialia sialis",2005,34,"Durham"
"484","Eastern Bluebird","Sialia sialis",2006,64,"Durham"
"485","Eastern Bluebird","Sialia sialis",2007,38,"Durham"
"486","Eastern Bluebird","Sialia sialis",2008,40,"Durham"
"487","Eastern Bluebird","Sialia sialis",2009,36,"Durham"
"488","Eastern Bluebird","Sialia sialis",2010,32,"Durham"
"489","Eastern Bluebird","Sialia sialis",2011,49,"Durham"
"490","Eastern Bluebird","Sialia sialis",2012,50,"Durham"
"491","Eastern Bluebird","Sialia sialis",2013,53,"Durham"
"492","Eastern Bluebird","Sialia sialis",2014,38,"Durham"
"493","Eastern Bluebird","Sialia sialis",2015,32,"Durham"
"494","Eastern Bluebird","Sialia sialis",2016,36,"Durham"
"495","Eastern Bluebird","Sialia sialis",2017,28,"Durham"
"496","Eastern Bluebird","Sialia sialis",2018,37,"Durham"
"497","Eastern Bluebird","Sialia sialis",2019,58,"Durham"
"498","Eastern Bluebird","Sialia sialis",2020,49,"Durham"
"499","Eastern Bluebird","Sialia sialis",2021,46,"Durham"
"500","Eastern Bluebird","Sialia sialis",2022,73,"Durham"
"501","Eastern Bluebird","Sialia sialis",2023,58,"Durham"
"502","Eastern Kingbird","Tyrannus tyrannus",2004,1,"Durham"
"503","Eastern Kingbird","Tyrannus tyrannus",2007,1,"Durham"
"504","Eastern Kingbird","Tyrannus tyrannus",2008,1,"Durham"
"505","Eastern Kingbird","Tyrannus tyrannus",2009,1,"Durham"
"506","Eastern Kingbird","Tyrannus tyrannus",2016,2,"Durham"
"507","Eastern Kingbird","Tyrannus tyrannus",2018,2,"Durham"
"508","Eastern Kingbird","Tyrannus tyrannus",2019,4,"Durham"
"509","Eastern Kingbird","Tyrannus tyrannus",2020,3,"Durham"
"510","Eastern Kingbird","Tyrannus tyrannus",2022,5,"Durham"
"511","Eastern Kingbird","Tyrannus tyrannus",2023,2,"Durham"
"512","Eastern Meadowlark","Sturnella magna",2002,3,"Durham"
"513","Eastern Meadowlark","Sturnella magna",2003,7,"Durham"
"514","Eastern Meadowlark","Sturnella magna",2004,8,"Durham"
"515","Eastern Meadowlark","Sturnella magna",2005,10,"Durham"
"516","Eastern Meadowlark","Sturnella magna",2006,8,"Durham"
"517","Eastern Meadowlark","Sturnella magna",2007,7,"Durham"
"518","Eastern Meadowlark","Sturnella magna",2008,11,"Durham"
"519","Eastern Meadowlark","Sturnella magna",2009,5,"Durham"
"520","Eastern Meadowlark","Sturnella magna",2010,3,"Durham"
"521","Eastern Meadowlark","Sturnella magna",2011,9,"Durham"
"522","Eastern Meadowlark","Sturnella magna",2012,6,"Durham"
"523","Eastern Meadowlark","Sturnella magna",2013,6,"Durham"
"524","Eastern Meadowlark","Sturnella magna",2014,9,"Durham"
"525","Eastern Meadowlark","Sturnella magna",2015,2,"Durham"
"526","Eastern Meadowlark","Sturnella magna",2017,2,"Durham"
"527","Eastern Meadowlark","Sturnella magna",2018,2,"Durham"
"528","Eastern Meadowlark","Sturnella magna",2019,11,"Durham"
"529","Eastern Meadowlark","Sturnella magna",2020,3,"Durham"
"530","Eastern Meadowlark","Sturnella magna",2021,6,"Durham"
"531","Eastern Meadowlark","Sturnella magna",2022,9,"Durham"
"532","Eastern Meadowlark","Sturnella magna",2023,9,"Durham"
"533","Eastern Phoebe","Sayornis phoebe",2002,14,"Durham"
"534","Eastern Phoebe","Sayornis phoebe",2003,5,"Durham"
"535","Eastern Phoebe","Sayornis phoebe",2004,7,"Durham"
"536","Eastern Phoebe","Sayornis phoebe",2005,7,"Durham"
"537","Eastern Phoebe","Sayornis phoebe",2006,11,"Durham"
"538","Eastern Phoebe","Sayornis phoebe",2007,8,"Durham"
"539","Eastern Phoebe","Sayornis phoebe",2008,16,"Durham"
"540","Eastern Phoebe","Sayornis phoebe",2009,8,"Durham"
"541","Eastern Phoebe","Sayornis phoebe",2010,5,"Durham"
"542","Eastern Phoebe","Sayornis phoebe",2011,9,"Durham"
"543","Eastern Phoebe","Sayornis phoebe",2012,16,"Durham"
"544","Eastern Phoebe","Sayornis phoebe",2013,13,"Durham"
"545","Eastern Phoebe","Sayornis phoebe",2014,20,"Durham"
"546","Eastern Phoebe","Sayornis phoebe",2015,2,"Durham"
"547","Eastern Phoebe","Sayornis phoebe",2016,5,"Durham"
"548","Eastern Phoebe","Sayornis phoebe",2017,12,"Durham"
"549","Eastern Phoebe","Sayornis phoebe",2018,7,"Durham"
"550","Eastern Phoebe","Sayornis phoebe",2019,7,"Durham"
"551","Eastern Phoebe","Sayornis phoebe",2020,18,"Durham"
"552","Eastern Phoebe","Sayornis phoebe",2021,24,"Durham"
"553","Eastern Phoebe","Sayornis phoebe",2022,14,"Durham"
"554","Eastern Phoebe","Sayornis phoebe",2023,11,"Durham"
"555","Eastern Towhee","Pipilo erythrophthalmus",2002,79,"Durham"
"556","Eastern Towhee","Pipilo erythrophthalmus",2003,62,"Durham"
"557","Eastern Towhee","Pipilo erythrophthalmus",2004,77,"Durham"
"558","Eastern Towhee","Pipilo erythrophthalmus",2005,66,"Durham"
"559","Eastern Towhee","Pipilo erythrophthalmus",2006,111,"Durham"
"560","Eastern Towhee","Pipilo erythrophthalmus",2007,95,"Durham"
"561","Eastern Towhee","Pipilo erythrophthalmus",2008,83,"Durham"
"562","Eastern Towhee","Pipilo erythrophthalmus",2009,65,"Durham"
"563","Eastern Towhee","Pipilo erythrophthalmus",2010,66,"Durham"
"564","Eastern Towhee","Pipilo erythrophthalmus",2011,64,"Durham"
"565","Eastern Towhee","Pipilo erythrophthalmus",2012,68,"Durham"
"566","Eastern Towhee","Pipilo erythrophthalmus",2013,59,"Durham"
"567","Eastern Towhee","Pipilo erythrophthalmus",2014,75,"Durham"
"568","Eastern Towhee","Pipilo erythrophthalmus",2015,64,"Durham"
"569","Eastern Towhee","Pipilo erythrophthalmus",2016,53,"Durham"
"570","Eastern Towhee","Pipilo erythrophthalmus",2017,51,"Durham"
"571","Eastern Towhee","Pipilo erythrophthalmus",2018,60,"Durham"
"572","Eastern Towhee","Pipilo erythrophthalmus",2019,49,"Durham"
"573","Eastern Towhee","Pipilo erythrophthalmus",2020,53,"Durham"
"574","Eastern Towhee","Pipilo erythrophthalmus",2021,45,"Durham"
"575","Eastern Towhee","Pipilo erythrophthalmus",2022,40,"Durham"
"576","Eastern Towhee","Pipilo erythrophthalmus",2023,40,"Durham"
"577","Eastern Whip-poor-will","Antrostomus vociferus",2003,1,"Durham"
"578","Eastern Whip-poor-will","Antrostomus vociferus",2007,1,"Durham"
"579","Eastern Whip-poor-will","Antrostomus vociferus",2008,1,"Durham"
"580","Eastern Whip-poor-will","Antrostomus vociferus",2010,2,"Durham"
"581","Eastern Wood-Pewee","Contopus virens",2002,14,"Durham"
"582","Eastern Wood-Pewee","Contopus virens",2003,6,"Durham"
"583","Eastern Wood-Pewee","Contopus virens",2004,10,"Durham"
"584","Eastern Wood-Pewee","Contopus virens",2005,9,"Durham"
"585","Eastern Wood-Pewee","Contopus virens",2006,3,"Durham"
"586","Eastern Wood-Pewee","Contopus virens",2007,17,"Durham"
"587","Eastern Wood-Pewee","Contopus virens",2008,19,"Durham"
"588","Eastern Wood-Pewee","Contopus virens",2009,6,"Durham"
"589","Eastern Wood-Pewee","Contopus virens",2010,6,"Durham"
"590","Eastern Wood-Pewee","Contopus virens",2011,13,"Durham"
"591","Eastern Wood-Pewee","Contopus virens",2012,6,"Durham"
"592","Eastern Wood-Pewee","Contopus virens",2013,7,"Durham"
"593","Eastern Wood-Pewee","Contopus virens",2014,7,"Durham"
"594","Eastern Wood-Pewee","Contopus virens",2015,9,"Durham"
"595","Eastern Wood-Pewee","Contopus virens",2016,2,"Durham"
"596","Eastern Wood-Pewee","Contopus virens",2017,7,"Durham"
"597","Eastern Wood-Pewee","Contopus virens",2018,21,"Durham"
"598","Eastern Wood-Pewee","Contopus virens",2019,8,"Durham"
"599","Eastern Wood-Pewee","Contopus virens",2020,18,"Durham"
"600","Eastern Wood-Pewee","Contopus virens",2021,21,"Durham"
"601","Eastern Wood-Pewee","Contopus virens",2022,17,"Durham"
"602","Eastern Wood-Pewee","Contopus virens",2023,19,"Durham"
"603","European Starling","Sturnus vulgaris",2002,88,"Durham"
"604","European Starling","Sturnus vulgaris",2003,25,"Durham"
"605","European Starling","Sturnus vulgaris",2004,28,"Durham"
"606","European Starling","Sturnus vulgaris",2005,31,"Durham"
"607","European Starling","Sturnus vulgaris",2006,25,"Durham"
"608","European Starling","Sturnus vulgaris",2007,55,"Durham"
"609","European Starling","Sturnus vulgaris",2008,18,"Durham"
"610","European Starling","Sturnus vulgaris",2009,31,"Durham"
"611","European Starling","Sturnus vulgaris",2010,12,"Durham"
"612","European Starling","Sturnus vulgaris",2011,21,"Durham"
"613","European Starling","Sturnus vulgaris",2012,66,"Durham"
"614","European Starling","Sturnus vulgaris",2013,43,"Durham"
"615","European Starling","Sturnus vulgaris",2014,5,"Durham"
"616","European Starling","Sturnus vulgaris",2015,35,"Durham"
"617","European Starling","Sturnus vulgaris",2016,30,"Durham"
"618","European Starling","Sturnus vulgaris",2017,55,"Durham"
"619","European Starling","Sturnus vulgaris",2018,11,"Durham"
"620","European Starling","Sturnus vulgaris",2019,20,"Durham"
"621","European Starling","Sturnus vulgaris",2020,8,"Durham"
"622","European Starling","Sturnus vulgaris",2021,28,"Durham"
"623","European Starling","Sturnus vulgaris",2022,40,"Durham"
"624","European Starling","Sturnus vulgaris",2023,12,"Durham"
"625","Field Sparrow","Spizella pusilla",2002,8,"Durham"
"626","Field Sparrow","Spizella pusilla",2003,3,"Durham"
"627","Field Sparrow","Spizella pusilla",2004,2,"Durham"
"628","Field Sparrow","Spizella pusilla",2005,7,"Durham"
"629","Field Sparrow","Spizella pusilla",2006,5,"Durham"
"630","Field Sparrow","Spizella pusilla",2007,5,"Durham"
"631","Field Sparrow","Spizella pusilla",2008,3,"Durham"
"632","Field Sparrow","Spizella pusilla",2009,2,"Durham"
"633","Field Sparrow","Spizella pusilla",2010,1,"Durham"
"634","Field Sparrow","Spizella pusilla",2011,3,"Durham"
"635","Field Sparrow","Spizella pusilla",2012,1,"Durham"
"636","Field Sparrow","Spizella pusilla",2013,1,"Durham"
"637","Field Sparrow","Spizella pusilla",2014,1,"Durham"
"638","Field Sparrow","Spizella pusilla",2018,5,"Durham"
"639","Field Sparrow","Spizella pusilla",2019,4,"Durham"
"640","Field Sparrow","Spizella pusilla",2020,2,"Durham"
"641","Field Sparrow","Spizella pusilla",2021,2,"Durham"
"642","Field Sparrow","Spizella pusilla",2022,1,"Durham"
"643","Field Sparrow","Spizella pusilla",2023,1,"Durham"
"644","Fish Crow","Corvus ossifragus",2002,6,"Durham"
"645","Fish Crow","Corvus ossifragus",2003,3,"Durham"
"646","Fish Crow","Corvus ossifragus",2004,8,"Durham"
"647","Fish Crow","Corvus ossifragus",2005,4,"Durham"
"648","Fish Crow","Corvus ossifragus",2006,8,"Durham"
"649","Fish Crow","Corvus ossifragus",2007,11,"Durham"
"650","Fish Crow","Corvus ossifragus",2008,15,"Durham"
"651","Fish Crow","Corvus ossifragus",2009,16,"Durham"
"652","Fish Crow","Corvus ossifragus",2010,25,"Durham"
"653","Fish Crow","Corvus ossifragus",2011,12,"Durham"
"654","Fish Crow","Corvus ossifragus",2012,18,"Durham"
"655","Fish Crow","Corvus ossifragus",2013,28,"Durham"
"656","Fish Crow","Corvus ossifragus",2014,9,"Durham"
"657","Fish Crow","Corvus ossifragus",2015,19,"Durham"
"658","Fish Crow","Corvus ossifragus",2016,136,"Durham"
"659","Fish Crow","Corvus ossifragus",2017,11,"Durham"
"660","Fish Crow","Corvus ossifragus",2018,17,"Durham"
"661","Fish Crow","Corvus ossifragus",2019,25,"Durham"
"662","Fish Crow","Corvus ossifragus",2020,12,"Durham"
"663","Fish Crow","Corvus ossifragus",2021,16,"Durham"
"664","Fish Crow","Corvus ossifragus",2022,19,"Durham"
"665","Fish Crow","Corvus ossifragus",2023,17,"Durham"
"666","Grasshopper Sparrow","Ammodramus savannarum",2002,1,"Durham"
"667","Grasshopper Sparrow","Ammodramus savannarum",2003,3,"Durham"
"668","Grasshopper Sparrow","Ammodramus savannarum",2005,2,"Durham"
"669","Grasshopper Sparrow","Ammodramus savannarum",2006,1,"Durham"
"670","Grasshopper Sparrow","Ammodramus savannarum",2007,2,"Durham"
"671","Grasshopper Sparrow","Ammodramus savannarum",2008,2,"Durham"
"672","Grasshopper Sparrow","Ammodramus savannarum",2010,1,"Durham"
"673","Grasshopper Sparrow","Ammodramus savannarum",2013,1,"Durham"
"674","Grasshopper Sparrow","Ammodramus savannarum",2014,2,"Durham"
"675","Grasshopper Sparrow","Ammodramus savannarum",2015,2,"Durham"
"676","Grasshopper Sparrow","Ammodramus savannarum",2021,2,"Durham"
"677","Grasshopper Sparrow","Ammodramus savannarum",2023,2,"Durham"
"678","Gray Catbird","Dumetella carolinensis",2002,10,"Durham"
"679","Gray Catbird","Dumetella carolinensis",2003,7,"Durham"
"680","Gray Catbird","Dumetella carolinensis",2004,7,"Durham"
"681","Gray Catbird","Dumetella carolinensis",2005,15,"Durham"
"682","Gray Catbird","Dumetella carolinensis",2006,5,"Durham"
"683","Gray Catbird","Dumetella carolinensis",2007,14,"Durham"
"684","Gray Catbird","Dumetella carolinensis",2008,12,"Durham"
"685","Gray Catbird","Dumetella carolinensis",2009,10,"Durham"
"686","Gray Catbird","Dumetella carolinensis",2010,9,"Durham"
"687","Gray Catbird","Dumetella carolinensis",2011,8,"Durham"
"688","Gray Catbird","Dumetella carolinensis",2012,13,"Durham"
"689","Gray Catbird","Dumetella carolinensis",2013,8,"Durham"
"690","Gray Catbird","Dumetella carolinensis",2014,8,"Durham"
"691","Gray Catbird","Dumetella carolinensis",2015,7,"Durham"
"692","Gray Catbird","Dumetella carolinensis",2016,9,"Durham"
"693","Gray Catbird","Dumetella carolinensis",2017,14,"Durham"
"694","Gray Catbird","Dumetella carolinensis",2018,12,"Durham"
"695","Gray Catbird","Dumetella carolinensis",2019,12,"Durham"
"696","Gray Catbird","Dumetella carolinensis",2020,6,"Durham"
"697","Gray Catbird","Dumetella carolinensis",2021,8,"Durham"
"698","Gray Catbird","Dumetella carolinensis",2022,11,"Durham"
"699","Gray Catbird","Dumetella carolinensis",2023,7,"Durham"
"700","Great Blue Heron","Ardea herodias",2002,4,"Durham"
"701","Great Blue Heron","Ardea herodias",2003,1,"Durham"
"702","Great Blue Heron","Ardea herodias",2004,6,"Durham"
"703","Great Blue Heron","Ardea herodias",2005,13,"Durham"
"704","Great Blue Heron","Ardea herodias",2006,5,"Durham"
"705","Great Blue Heron","Ardea herodias",2007,7,"Durham"
"706","Great Blue Heron","Ardea herodias",2008,9,"Durham"
"707","Great Blue Heron","Ardea herodias",2009,6,"Durham"
"708","Great Blue Heron","Ardea herodias",2010,5,"Durham"
"709","Great Blue Heron","Ardea herodias",2011,3,"Durham"
"710","Great Blue Heron","Ardea herodias",2012,5,"Durham"
"711","Great Blue Heron","Ardea herodias",2013,6,"Durham"
"712","Great Blue Heron","Ardea herodias",2014,9,"Durham"
"713","Great Blue Heron","Ardea herodias",2015,1,"Durham"
"714","Great Blue Heron","Ardea herodias",2017,5,"Durham"
"715","Great Blue Heron","Ardea herodias",2018,5,"Durham"
"716","Great Blue Heron","Ardea herodias",2019,6,"Durham"
"717","Great Blue Heron","Ardea herodias",2020,4,"Durham"
"718","Great Blue Heron","Ardea herodias",2021,2,"Durham"
"719","Great Blue Heron","Ardea herodias",2022,8,"Durham"
"720","Great Blue Heron","Ardea herodias",2023,5,"Durham"
"721","Great Crested Flycatcher","Myiarchus crinitus",2002,12,"Durham"
"722","Great Crested Flycatcher","Myiarchus crinitus",2003,2,"Durham"
"723","Great Crested Flycatcher","Myiarchus crinitus",2004,13,"Durham"
"724","Great Crested Flycatcher","Myiarchus crinitus",2005,8,"Durham"
"725","Great Crested Flycatcher","Myiarchus crinitus",2006,9,"Durham"
"726","Great Crested Flycatcher","Myiarchus crinitus",2007,3,"Durham"
"727","Great Crested Flycatcher","Myiarchus crinitus",2008,17,"Durham"
"728","Great Crested Flycatcher","Myiarchus crinitus",2009,8,"Durham"
"729","Great Crested Flycatcher","Myiarchus crinitus",2010,7,"Durham"
"730","Great Crested Flycatcher","Myiarchus crinitus",2011,11,"Durham"
"731","Great Crested Flycatcher","Myiarchus crinitus",2012,9,"Durham"
"732","Great Crested Flycatcher","Myiarchus crinitus",2013,6,"Durham"
"733","Great Crested Flycatcher","Myiarchus crinitus",2014,7,"Durham"
"734","Great Crested Flycatcher","Myiarchus crinitus",2015,8,"Durham"
"735","Great Crested Flycatcher","Myiarchus crinitus",2016,5,"Durham"
"736","Great Crested Flycatcher","Myiarchus crinitus",2017,10,"Durham"
"737","Great Crested Flycatcher","Myiarchus crinitus",2018,19,"Durham"
"738","Great Crested Flycatcher","Myiarchus crinitus",2019,24,"Durham"
"739","Great Crested Flycatcher","Myiarchus crinitus",2020,21,"Durham"
"740","Great Crested Flycatcher","Myiarchus crinitus",2021,20,"Durham"
"741","Great Crested Flycatcher","Myiarchus crinitus",2022,17,"Durham"
"742","Great Crested Flycatcher","Myiarchus crinitus",2023,29,"Durham"
"743","Great Egret","Ardea alba",2006,1,"Durham"
"744","Great Egret","Ardea alba",2013,1,"Durham"
"745","Great Egret","Ardea alba",2023,1,"Durham"
"746","Great Horned Owl","Bubo virginianus",2007,2,"Durham"
"747","Great Horned Owl","Bubo virginianus",2009,1,"Durham"
"748","Great Horned Owl","Bubo virginianus",2014,2,"Durham"
"749","Green Heron","Butorides virescens",2002,2,"Durham"
"750","Green Heron","Butorides virescens",2003,3,"Durham"
"751","Green Heron","Butorides virescens",2004,4,"Durham"
"752","Green Heron","Butorides virescens",2005,2,"Durham"
"753","Green Heron","Butorides virescens",2007,3,"Durham"
"754","Green Heron","Butorides virescens",2008,4,"Durham"
"755","Green Heron","Butorides virescens",2010,1,"Durham"
"756","Green Heron","Butorides virescens",2011,1,"Durham"
"757","Green Heron","Butorides virescens",2012,3,"Durham"
"758","Green Heron","Butorides virescens",2013,1,"Durham"
"759","Green Heron","Butorides virescens",2014,1,"Durham"
"760","Green Heron","Butorides virescens",2017,3,"Durham"
"761","Green Heron","Butorides virescens",2020,1,"Durham"
"762","Green Heron","Butorides virescens",2023,2,"Durham"
"763","Hairy Woodpecker","Dryobates villosus",2002,1,"Durham"
"764","Hairy Woodpecker","Dryobates villosus",2004,2,"Durham"
"765","Hairy Woodpecker","Dryobates villosus",2005,1,"Durham"
"766","Hairy Woodpecker","Dryobates villosus",2007,1,"Durham"
"767","Hairy Woodpecker","Dryobates villosus",2011,1,"Durham"
"768","Hairy Woodpecker","Dryobates villosus",2012,2,"Durham"
"769","Hairy Woodpecker","Dryobates villosus",2013,1,"Durham"
"770","Hairy Woodpecker","Dryobates villosus",2018,1,"Durham"
"771","Hairy Woodpecker","Dryobates villosus",2020,1,"Durham"
"772","Hairy Woodpecker","Dryobates villosus",2021,2,"Durham"
"773","Hairy Woodpecker","Dryobates villosus",2022,2,"Durham"
"774","Hairy Woodpecker","Dryobates villosus",2023,3,"Durham"
"775","Hooded Warbler","Setophaga citrina",2002,3,"Durham"
"776","Hooded Warbler","Setophaga citrina",2003,5,"Durham"
"777","Hooded Warbler","Setophaga citrina",2005,2,"Durham"
"778","Hooded Warbler","Setophaga citrina",2006,4,"Durham"
"779","Hooded Warbler","Setophaga citrina",2007,1,"Durham"
"780","Hooded Warbler","Setophaga citrina",2009,2,"Durham"
"781","Hooded Warbler","Setophaga citrina",2010,1,"Durham"
"782","Hooded Warbler","Setophaga citrina",2011,4,"Durham"
"783","Hooded Warbler","Setophaga citrina",2012,2,"Durham"
"784","Hooded Warbler","Setophaga citrina",2013,4,"Durham"
"785","Hooded Warbler","Setophaga citrina",2014,6,"Durham"
"786","Hooded Warbler","Setophaga citrina",2016,2,"Durham"
"787","Hooded Warbler","Setophaga citrina",2017,2,"Durham"
"788","Hooded Warbler","Setophaga citrina",2018,2,"Durham"
"789","Hooded Warbler","Setophaga citrina",2019,4,"Durham"
"790","Hooded Warbler","Setophaga citrina",2020,2,"Durham"
"791","Hooded Warbler","Setophaga citrina",2021,3,"Durham"
"792","Hooded Warbler","Setophaga citrina",2022,1,"Durham"
"793","Hooded Warbler","Setophaga citrina",2023,1,"Durham"
"794","Horned Lark","Eremophila alpestris",2015,1,"Durham"
"795","House Finch","Haemorhous mexicanus",2002,38,"Durham"
"796","House Finch","Haemorhous mexicanus",2003,33,"Durham"
"797","House Finch","Haemorhous mexicanus",2004,48,"Durham"
"798","House Finch","Haemorhous mexicanus",2005,21,"Durham"
"799","House Finch","Haemorhous mexicanus",2006,51,"Durham"
"800","House Finch","Haemorhous mexicanus",2007,29,"Durham"
"801","House Finch","Haemorhous mexicanus",2008,38,"Durham"
"802","House Finch","Haemorhous mexicanus",2009,35,"Durham"
"803","House Finch","Haemorhous mexicanus",2010,27,"Durham"
"804","House Finch","Haemorhous mexicanus",2011,58,"Durham"
"805","House Finch","Haemorhous mexicanus",2012,37,"Durham"
"806","House Finch","Haemorhous mexicanus",2013,19,"Durham"
"807","House Finch","Haemorhous mexicanus",2014,16,"Durham"
"808","House Finch","Haemorhous mexicanus",2015,19,"Durham"
"809","House Finch","Haemorhous mexicanus",2016,33,"Durham"
"810","House Finch","Haemorhous mexicanus",2017,21,"Durham"
"811","House Finch","Haemorhous mexicanus",2018,41,"Durham"
"812","House Finch","Haemorhous mexicanus",2019,32,"Durham"
"813","House Finch","Haemorhous mexicanus",2020,53,"Durham"
"814","House Finch","Haemorhous mexicanus",2021,30,"Durham"
"815","House Finch","Haemorhous mexicanus",2022,65,"Durham"
"816","House Finch","Haemorhous mexicanus",2023,70,"Durham"
"817","House Sparrow","Passer domesticus",2002,11,"Durham"
"818","House Sparrow","Passer domesticus",2003,10,"Durham"
"819","House Sparrow","Passer domesticus",2004,4,"Durham"
"820","House Sparrow","Passer domesticus",2005,7,"Durham"
"821","House Sparrow","Passer domesticus",2006,2,"Durham"
"822","House Sparrow","Passer domesticus",2007,14,"Durham"
"823","House Sparrow","Passer domesticus",2008,13,"Durham"
"824","House Sparrow","Passer domesticus",2009,4,"Durham"
"825","House Sparrow","Passer domesticus",2010,2,"Durham"
"826","House Sparrow","Passer domesticus",2011,3,"Durham"
"827","House Sparrow","Passer domesticus",2012,2,"Durham"
"828","House Sparrow","Passer domesticus",2013,6,"Durham"
"829","House Sparrow","Passer domesticus",2015,4,"Durham"
"830","House Sparrow","Passer domesticus",2016,4,"Durham"
"831","House Sparrow","Passer domesticus",2017,2,"Durham"
"832","House Sparrow","Passer domesticus",2018,7,"Durham"
"833","House Sparrow","Passer domesticus",2019,10,"Durham"
"834","House Sparrow","Passer domesticus",2020,6,"Durham"
"835","House Sparrow","Passer domesticus",2021,10,"Durham"
"836","House Sparrow","Passer domesticus",2022,4,"Durham"
"837","House Sparrow","Passer domesticus",2023,7,"Durham"
"838","House Wren","Troglodytes aedon",2002,6,"Durham"
"839","House Wren","Troglodytes aedon",2003,9,"Durham"
"840","House Wren","Troglodytes aedon",2004,7,"Durham"
"841","House Wren","Troglodytes aedon",2005,5,"Durham"
"842","House Wren","Troglodytes aedon",2006,8,"Durham"
"843","House Wren","Troglodytes aedon",2007,8,"Durham"
"844","House Wren","Troglodytes aedon",2008,6,"Durham"
"845","House Wren","Troglodytes aedon",2009,5,"Durham"
"846","House Wren","Troglodytes aedon",2010,3,"Durham"
"847","House Wren","Troglodytes aedon",2011,5,"Durham"
"848","House Wren","Troglodytes aedon",2012,1,"Durham"
"849","House Wren","Troglodytes aedon",2013,5,"Durham"
"850","House Wren","Troglodytes aedon",2014,2,"Durham"
"851","House Wren","Troglodytes aedon",2015,4,"Durham"
"852","House Wren","Troglodytes aedon",2016,1,"Durham"
"853","House Wren","Troglodytes aedon",2017,2,"Durham"
"854","House Wren","Troglodytes aedon",2018,4,"Durham"
"855","House Wren","Troglodytes aedon",2019,7,"Durham"
"856","House Wren","Troglodytes aedon",2020,3,"Durham"
"857","House Wren","Troglodytes aedon",2021,5,"Durham"
"858","House Wren","Troglodytes aedon",2022,5,"Durham"
"859","Indigo Bunting","Passerina cyanea",2002,68,"Durham"
"860","Indigo Bunting","Passerina cyanea",2003,76,"Durham"
"861","Indigo Bunting","Passerina cyanea",2004,48,"Durham"
"862","Indigo Bunting","Passerina cyanea",2005,56,"Durham"
"863","Indigo Bunting","Passerina cyanea",2006,82,"Durham"
"864","Indigo Bunting","Passerina cyanea",2007,56,"Durham"
"865","Indigo Bunting","Passerina cyanea",2008,65,"Durham"
"866","Indigo Bunting","Passerina cyanea",2009,49,"Durham"
"867","Indigo Bunting","Passerina cyanea",2010,28,"Durham"
"868","Indigo Bunting","Passerina cyanea",2011,46,"Durham"
"869","Indigo Bunting","Passerina cyanea",2012,46,"Durham"
"870","Indigo Bunting","Passerina cyanea",2013,31,"Durham"
"871","Indigo Bunting","Passerina cyanea",2014,36,"Durham"
"872","Indigo Bunting","Passerina cyanea",2015,22,"Durham"
"873","Indigo Bunting","Passerina cyanea",2016,22,"Durham"
"874","Indigo Bunting","Passerina cyanea",2017,35,"Durham"
"875","Indigo Bunting","Passerina cyanea",2018,31,"Durham"
"876","Indigo Bunting","Passerina cyanea",2019,38,"Durham"
"877","Indigo Bunting","Passerina cyanea",2020,40,"Durham"
"878","Indigo Bunting","Passerina cyanea",2021,40,"Durham"
"879","Indigo Bunting","Passerina cyanea",2022,47,"Durham"
"880","Indigo Bunting","Passerina cyanea",2023,53,"Durham"
"881","Kentucky Warbler","Geothlypis formosa",2018,1,"Durham"
"882","Kentucky Warbler","Geothlypis formosa",2021,2,"Durham"
"883","Kentucky Warbler","Geothlypis formosa",2022,1,"Durham"
"884","Kentucky Warbler","Geothlypis formosa",2023,2,"Durham"
"885","Killdeer","Charadrius vociferus",2002,3,"Durham"
"886","Killdeer","Charadrius vociferus",2003,4,"Durham"
"887","Killdeer","Charadrius vociferus",2004,5,"Durham"
"888","Killdeer","Charadrius vociferus",2005,3,"Durham"
"889","Killdeer","Charadrius vociferus",2006,9,"Durham"
"890","Killdeer","Charadrius vociferus",2007,1,"Durham"
"891","Killdeer","Charadrius vociferus",2008,7,"Durham"
"892","Killdeer","Charadrius vociferus",2009,4,"Durham"
"893","Killdeer","Charadrius vociferus",2010,1,"Durham"
"894","Killdeer","Charadrius vociferus",2011,2,"Durham"
"895","Killdeer","Charadrius vociferus",2012,3,"Durham"
"896","Killdeer","Charadrius vociferus",2013,1,"Durham"
"897","Killdeer","Charadrius vociferus",2014,1,"Durham"
"898","Killdeer","Charadrius vociferus",2015,2,"Durham"
"899","Killdeer","Charadrius vociferus",2016,1,"Durham"
"900","Killdeer","Charadrius vociferus",2018,1,"Durham"
"901","Killdeer","Charadrius vociferus",2019,1,"Durham"
"902","Killdeer","Charadrius vociferus",2020,3,"Durham"
"903","Killdeer","Charadrius vociferus",2021,3,"Durham"
"904","Killdeer","Charadrius vociferus",2022,9,"Durham"
"905","Killdeer","Charadrius vociferus",2023,10,"Durham"
"906","Loggerhead Shrike","Lanius ludovicianus",2014,1,"Durham"
"907","Loggerhead Shrike","Lanius ludovicianus",2017,1,"Durham"
"908","Louisiana Waterthrush","Parkesia motacilla",2011,1,"Durham"
"909","Louisiana Waterthrush","Parkesia motacilla",2014,1,"Durham"
"910","Louisiana Waterthrush","Parkesia motacilla",2021,1,"Durham"
"911","Louisiana Waterthrush","Parkesia motacilla",2023,2,"Durham"
"912","Mallard","Anas platyrhynchos",2002,3,"Durham"
"913","Mallard","Anas platyrhynchos",2003,5,"Durham"
"914","Mallard","Anas platyrhynchos",2004,1,"Durham"
"915","Mallard","Anas platyrhynchos",2005,15,"Durham"
"916","Mallard","Anas platyrhynchos",2006,2,"Durham"
"917","Mallard","Anas platyrhynchos",2008,1,"Durham"
"918","Mallard","Anas platyrhynchos",2011,5,"Durham"
"919","Mallard","Anas platyrhynchos",2017,2,"Durham"
"920","Mallard","Anas platyrhynchos",2018,4,"Durham"
"921","Mississippi Kite","Ictinia mississippiensis",2022,2,"Durham"
"922","Mourning Dove","Zenaida macroura",2002,113,"Durham"
"923","Mourning Dove","Zenaida macroura",2003,82,"Durham"
"924","Mourning Dove","Zenaida macroura",2004,92,"Durham"
"925","Mourning Dove","Zenaida macroura",2005,90,"Durham"
"926","Mourning Dove","Zenaida macroura",2006,76,"Durham"
"927","Mourning Dove","Zenaida macroura",2007,69,"Durham"
"928","Mourning Dove","Zenaida macroura",2008,113,"Durham"
"929","Mourning Dove","Zenaida macroura",2009,80,"Durham"
"930","Mourning Dove","Zenaida macroura",2010,77,"Durham"
"931","Mourning Dove","Zenaida macroura",2011,86,"Durham"
"932","Mourning Dove","Zenaida macroura",2012,79,"Durham"
"933","Mourning Dove","Zenaida macroura",2013,58,"Durham"
"934","Mourning Dove","Zenaida macroura",2014,74,"Durham"
"935","Mourning Dove","Zenaida macroura",2015,68,"Durham"
"936","Mourning Dove","Zenaida macroura",2016,42,"Durham"
"937","Mourning Dove","Zenaida macroura",2017,57,"Durham"
"938","Mourning Dove","Zenaida macroura",2018,89,"Durham"
"939","Mourning Dove","Zenaida macroura",2019,83,"Durham"
"940","Mourning Dove","Zenaida macroura",2020,96,"Durham"
"941","Mourning Dove","Zenaida macroura",2021,79,"Durham"
"942","Mourning Dove","Zenaida macroura",2022,92,"Durham"
"943","Mourning Dove","Zenaida macroura",2023,77,"Durham"
"944","Northern Bobwhite","Colinus virginianus",2002,3,"Durham"
"945","Northern Bobwhite","Colinus virginianus",2003,4,"Durham"
"946","Northern Bobwhite","Colinus virginianus",2004,6,"Durham"
"947","Northern Bobwhite","Colinus virginianus",2005,7,"Durham"
"948","Northern Bobwhite","Colinus virginianus",2006,7,"Durham"
"949","Northern Bobwhite","Colinus virginianus",2007,5,"Durham"
"950","Northern Bobwhite","Colinus virginianus",2008,4,"Durham"
"951","Northern Bobwhite","Colinus virginianus",2009,1,"Durham"
"952","Northern Bobwhite","Colinus virginianus",2010,2,"Durham"
"953","Northern Bobwhite","Colinus virginianus",2012,3,"Durham"
"954","Northern Bobwhite","Colinus virginianus",2014,1,"Durham"
"955","Northern Bobwhite","Colinus virginianus",2017,1,"Durham"
"956","Northern Cardinal","Cardinalis cardinalis",2002,202,"Durham"
"957","Northern Cardinal","Cardinalis cardinalis",2003,186,"Durham"
"958","Northern Cardinal","Cardinalis cardinalis",2004,218,"Durham"
"959","Northern Cardinal","Cardinalis cardinalis",2005,225,"Durham"
"960","Northern Cardinal","Cardinalis cardinalis",2006,227,"Durham"
"961","Northern Cardinal","Cardinalis cardinalis",2007,221,"Durham"
"962","Northern Cardinal","Cardinalis cardinalis",2008,218,"Durham"
"963","Northern Cardinal","Cardinalis cardinalis",2009,185,"Durham"
"964","Northern Cardinal","Cardinalis cardinalis",2010,133,"Durham"
"965","Northern Cardinal","Cardinalis cardinalis",2011,254,"Durham"
"966","Northern Cardinal","Cardinalis cardinalis",2012,199,"Durham"
"967","Northern Cardinal","Cardinalis cardinalis",2013,172,"Durham"
"968","Northern Cardinal","Cardinalis cardinalis",2014,145,"Durham"
"969","Northern Cardinal","Cardinalis cardinalis",2015,178,"Durham"
"970","Northern Cardinal","Cardinalis cardinalis",2016,164,"Durham"
"971","Northern Cardinal","Cardinalis cardinalis",2017,169,"Durham"
"972","Northern Cardinal","Cardinalis cardinalis",2018,225,"Durham"
"973","Northern Cardinal","Cardinalis cardinalis",2019,210,"Durham"
"974","Northern Cardinal","Cardinalis cardinalis",2020,193,"Durham"
"975","Northern Cardinal","Cardinalis cardinalis",2021,161,"Durham"
"976","Northern Cardinal","Cardinalis cardinalis",2022,195,"Durham"
"977","Northern Cardinal","Cardinalis cardinalis",2023,192,"Durham"
"978","Northern Flicker","Colaptes auratus",2002,6,"Durham"
"979","Northern Flicker","Colaptes auratus",2003,1,"Durham"
"980","Northern Flicker","Colaptes auratus",2004,3,"Durham"
"981","Northern Flicker","Colaptes auratus",2005,6,"Durham"
"982","Northern Flicker","Colaptes auratus",2006,3,"Durham"
"983","Northern Flicker","Colaptes auratus",2007,1,"Durham"
"984","Northern Flicker","Colaptes auratus",2008,1,"Durham"
"985","Northern Flicker","Colaptes auratus",2009,4,"Durham"
"986","Northern Flicker","Colaptes auratus",2010,2,"Durham"
"987","Northern Flicker","Colaptes auratus",2013,1,"Durham"
"988","Northern Flicker","Colaptes auratus",2014,3,"Durham"
"989","Northern Flicker","Colaptes auratus",2016,1,"Durham"
"990","Northern Flicker","Colaptes auratus",2017,1,"Durham"
"991","Northern Flicker","Colaptes auratus",2018,1,"Durham"
"992","Northern Flicker","Colaptes auratus",2020,1,"Durham"
"993","Northern Flicker","Colaptes auratus",2021,1,"Durham"
"994","Northern Flicker","Colaptes auratus",2023,2,"Durham"
"995","Northern Mockingbird","Mimus polyglottos",2002,86,"Durham"
"996","Northern Mockingbird","Mimus polyglottos",2003,61,"Durham"
"997","Northern Mockingbird","Mimus polyglottos",2004,56,"Durham"
"998","Northern Mockingbird","Mimus polyglottos",2005,64,"Durham"
"999","Northern Mockingbird","Mimus polyglottos",2006,63,"Durham"
"1000","Northern Mockingbird","Mimus polyglottos",2007,60,"Durham"
"1001","Northern Mockingbird","Mimus polyglottos",2008,58,"Durham"
"1002","Northern Mockingbird","Mimus polyglottos",2009,63,"Durham"
"1003","Northern Mockingbird","Mimus polyglottos",2010,57,"Durham"
"1004","Northern Mockingbird","Mimus polyglottos",2011,72,"Durham"
"1005","Northern Mockingbird","Mimus polyglottos",2012,73,"Durham"
"1006","Northern Mockingbird","Mimus polyglottos",2013,65,"Durham"
"1007","Northern Mockingbird","Mimus polyglottos",2014,41,"Durham"
"1008","Northern Mockingbird","Mimus polyglottos",2015,46,"Durham"
"1009","Northern Mockingbird","Mimus polyglottos",2016,40,"Durham"
"1010","Northern Mockingbird","Mimus polyglottos",2017,56,"Durham"
"1011","Northern Mockingbird","Mimus polyglottos",2018,49,"Durham"
"1012","Northern Mockingbird","Mimus polyglottos",2019,46,"Durham"
"1013","Northern Mockingbird","Mimus polyglottos",2020,63,"Durham"
"1014","Northern Mockingbird","Mimus polyglottos",2021,59,"Durham"
"1015","Northern Mockingbird","Mimus polyglottos",2022,59,"Durham"
"1016","Northern Mockingbird","Mimus polyglottos",2023,37,"Durham"
"1017","Northern Parula","Setophaga americana",2002,3,"Durham"
"1018","Northern Parula","Setophaga americana",2003,6,"Durham"
"1019","Northern Parula","Setophaga americana",2004,4,"Durham"
"1020","Northern Parula","Setophaga americana",2005,4,"Durham"
"1021","Northern Parula","Setophaga americana",2006,6,"Durham"
"1022","Northern Parula","Setophaga americana",2007,4,"Durham"
"1023","Northern Parula","Setophaga americana",2008,7,"Durham"
"1024","Northern Parula","Setophaga americana",2009,3,"Durham"
"1025","Northern Parula","Setophaga americana",2010,3,"Durham"
"1026","Northern Parula","Setophaga americana",2011,6,"Durham"
"1027","Northern Parula","Setophaga americana",2012,4,"Durham"
"1028","Northern Parula","Setophaga americana",2013,6,"Durham"
"1029","Northern Parula","Setophaga americana",2014,2,"Durham"
"1030","Northern Parula","Setophaga americana",2015,5,"Durham"
"1031","Northern Parula","Setophaga americana",2016,4,"Durham"
"1032","Northern Parula","Setophaga americana",2017,2,"Durham"
"1033","Northern Parula","Setophaga americana",2018,5,"Durham"
"1034","Northern Parula","Setophaga americana",2019,4,"Durham"
"1035","Northern Parula","Setophaga americana",2020,13,"Durham"
"1036","Northern Parula","Setophaga americana",2021,17,"Durham"
"1037","Northern Parula","Setophaga americana",2022,18,"Durham"
"1038","Northern Parula","Setophaga americana",2023,12,"Durham"
"1039","Northern Rough-winged Swallow","Stelgidopteryx serripennis",2003,11,"Durham"
"1040","Northern Rough-winged Swallow","Stelgidopteryx serripennis",2004,1,"Durham"
"1041","Northern Rough-winged Swallow","Stelgidopteryx serripennis",2005,1,"Durham"
"1042","Northern Rough-winged Swallow","Stelgidopteryx serripennis",2009,4,"Durham"
"1043","Northern Rough-winged Swallow","Stelgidopteryx serripennis",2011,2,"Durham"
"1044","Northern Rough-winged Swallow","Stelgidopteryx serripennis",2013,1,"Durham"
"1045","Northern Rough-winged Swallow","Stelgidopteryx serripennis",2014,1,"Durham"
"1046","Northern Rough-winged Swallow","Stelgidopteryx serripennis",2015,3,"Durham"
"1047","Northern Rough-winged Swallow","Stelgidopteryx serripennis",2017,3,"Durham"
"1048","Northern Rough-winged Swallow","Stelgidopteryx serripennis",2018,6,"Durham"
"1049","Northern Rough-winged Swallow","Stelgidopteryx serripennis",2019,2,"Durham"
"1050","Northern Rough-winged Swallow","Stelgidopteryx serripennis",2022,1,"Durham"
"1051","Ovenbird","Seiurus aurocapilla",2002,14,"Durham"
"1052","Ovenbird","Seiurus aurocapilla",2003,7,"Durham"
"1053","Ovenbird","Seiurus aurocapilla",2004,7,"Durham"
"1054","Ovenbird","Seiurus aurocapilla",2005,5,"Durham"
"1055","Ovenbird","Seiurus aurocapilla",2006,4,"Durham"
"1056","Ovenbird","Seiurus aurocapilla",2007,8,"Durham"
"1057","Ovenbird","Seiurus aurocapilla",2008,21,"Durham"
"1058","Ovenbird","Seiurus aurocapilla",2009,5,"Durham"
"1059","Ovenbird","Seiurus aurocapilla",2010,5,"Durham"
"1060","Ovenbird","Seiurus aurocapilla",2011,9,"Durham"
"1061","Ovenbird","Seiurus aurocapilla",2012,16,"Durham"
"1062","Ovenbird","Seiurus aurocapilla",2013,7,"Durham"
"1063","Ovenbird","Seiurus aurocapilla",2014,10,"Durham"
"1064","Ovenbird","Seiurus aurocapilla",2015,6,"Durham"
"1065","Ovenbird","Seiurus aurocapilla",2016,5,"Durham"
"1066","Ovenbird","Seiurus aurocapilla",2017,7,"Durham"
"1067","Ovenbird","Seiurus aurocapilla",2018,13,"Durham"
"1068","Ovenbird","Seiurus aurocapilla",2019,21,"Durham"
"1069","Ovenbird","Seiurus aurocapilla",2020,16,"Durham"
"1070","Ovenbird","Seiurus aurocapilla",2021,8,"Durham"
"1071","Ovenbird","Seiurus aurocapilla",2022,18,"Durham"
"1072","Ovenbird","Seiurus aurocapilla",2023,7,"Durham"
"1073","Pileated Woodpecker","Dryocopus pileatus",2003,1,"Durham"
"1074","Pileated Woodpecker","Dryocopus pileatus",2005,1,"Durham"
"1075","Pileated Woodpecker","Dryocopus pileatus",2006,3,"Durham"
"1076","Pileated Woodpecker","Dryocopus pileatus",2007,1,"Durham"
"1077","Pileated Woodpecker","Dryocopus pileatus",2008,1,"Durham"
"1078","Pileated Woodpecker","Dryocopus pileatus",2009,2,"Durham"
"1079","Pileated Woodpecker","Dryocopus pileatus",2010,3,"Durham"
"1080","Pileated Woodpecker","Dryocopus pileatus",2011,2,"Durham"
"1081","Pileated Woodpecker","Dryocopus pileatus",2012,3,"Durham"
"1082","Pileated Woodpecker","Dryocopus pileatus",2013,2,"Durham"
"1083","Pileated Woodpecker","Dryocopus pileatus",2015,2,"Durham"
"1084","Pileated Woodpecker","Dryocopus pileatus",2016,2,"Durham"
"1085","Pileated Woodpecker","Dryocopus pileatus",2018,1,"Durham"
"1086","Pileated Woodpecker","Dryocopus pileatus",2019,3,"Durham"
"1087","Pileated Woodpecker","Dryocopus pileatus",2020,3,"Durham"
"1088","Pileated Woodpecker","Dryocopus pileatus",2022,2,"Durham"
"1089","Pileated Woodpecker","Dryocopus pileatus",2023,3,"Durham"
"1090","Pine Warbler","Setophaga pinus",2002,42,"Durham"
"1091","Pine Warbler","Setophaga pinus",2003,27,"Durham"
"1092","Pine Warbler","Setophaga pinus",2004,17,"Durham"
"1093","Pine Warbler","Setophaga pinus",2005,33,"Durham"
"1094","Pine Warbler","Setophaga pinus",2006,37,"Durham"
"1095","Pine Warbler","Setophaga pinus",2007,29,"Durham"
"1096","Pine Warbler","Setophaga pinus",2008,45,"Durham"
"1097","Pine Warbler","Setophaga pinus",2009,31,"Durham"
"1098","Pine Warbler","Setophaga pinus",2010,27,"Durham"
"1099","Pine Warbler","Setophaga pinus",2011,33,"Durham"
"1100","Pine Warbler","Setophaga pinus",2012,28,"Durham"
"1101","Pine Warbler","Setophaga pinus",2013,35,"Durham"
"1102","Pine Warbler","Setophaga pinus",2014,26,"Durham"
"1103","Pine Warbler","Setophaga pinus",2015,30,"Durham"
"1104","Pine Warbler","Setophaga pinus",2016,16,"Durham"
"1105","Pine Warbler","Setophaga pinus",2017,40,"Durham"
"1106","Pine Warbler","Setophaga pinus",2018,31,"Durham"
"1107","Pine Warbler","Setophaga pinus",2019,36,"Durham"
"1108","Pine Warbler","Setophaga pinus",2020,37,"Durham"
"1109","Pine Warbler","Setophaga pinus",2021,40,"Durham"
"1110","Pine Warbler","Setophaga pinus",2022,65,"Durham"
"1111","Pine Warbler","Setophaga pinus",2023,42,"Durham"
"1112","Prairie Warbler","Setophaga discolor",2002,6,"Durham"
"1113","Prairie Warbler","Setophaga discolor",2003,7,"Durham"
"1114","Prairie Warbler","Setophaga discolor",2004,4,"Durham"
"1115","Prairie Warbler","Setophaga discolor",2005,6,"Durham"
"1116","Prairie Warbler","Setophaga discolor",2006,7,"Durham"
"1117","Prairie Warbler","Setophaga discolor",2007,4,"Durham"
"1118","Prairie Warbler","Setophaga discolor",2008,4,"Durham"
"1119","Prairie Warbler","Setophaga discolor",2009,2,"Durham"
"1120","Prairie Warbler","Setophaga discolor",2010,6,"Durham"
"1121","Prairie Warbler","Setophaga discolor",2011,5,"Durham"
"1122","Prairie Warbler","Setophaga discolor",2014,1,"Durham"
"1123","Prairie Warbler","Setophaga discolor",2017,3,"Durham"
"1124","Prairie Warbler","Setophaga discolor",2018,2,"Durham"
"1125","Prairie Warbler","Setophaga discolor",2020,2,"Durham"
"1126","Prairie Warbler","Setophaga discolor",2021,5,"Durham"
"1127","Prairie Warbler","Setophaga discolor",2022,3,"Durham"
"1128","Prothonotary Warbler","Protonotaria citrea",2004,1,"Durham"
"1129","Prothonotary Warbler","Protonotaria citrea",2012,1,"Durham"
"1130","Prothonotary Warbler","Protonotaria citrea",2013,1,"Durham"
"1131","Prothonotary Warbler","Protonotaria citrea",2014,2,"Durham"
"1132","Prothonotary Warbler","Protonotaria citrea",2015,1,"Durham"
"1133","Prothonotary Warbler","Protonotaria citrea",2019,1,"Durham"
"1134","Prothonotary Warbler","Protonotaria citrea",2020,1,"Durham"
"1135","Prothonotary Warbler","Protonotaria citrea",2022,1,"Durham"
"1136","Purple Martin","Progne subis",2003,12,"Durham"
"1137","Purple Martin","Progne subis",2004,2,"Durham"
"1138","Purple Martin","Progne subis",2006,15,"Durham"
"1139","Purple Martin","Progne subis",2007,10,"Durham"
"1140","Purple Martin","Progne subis",2008,12,"Durham"
"1141","Purple Martin","Progne subis",2009,5,"Durham"
"1142","Purple Martin","Progne subis",2010,14,"Durham"
"1143","Purple Martin","Progne subis",2011,4,"Durham"
"1144","Purple Martin","Progne subis",2012,8,"Durham"
"1145","Purple Martin","Progne subis",2013,2,"Durham"
"1146","Purple Martin","Progne subis",2015,6,"Durham"
"1147","Purple Martin","Progne subis",2016,1,"Durham"
"1148","Purple Martin","Progne subis",2017,10,"Durham"
"1149","Purple Martin","Progne subis",2018,10,"Durham"
"1150","Purple Martin","Progne subis",2019,18,"Durham"
"1151","Purple Martin","Progne subis",2020,4,"Durham"
"1152","Purple Martin","Progne subis",2021,6,"Durham"
"1153","Purple Martin","Progne subis",2022,8,"Durham"
"1154","Purple Martin","Progne subis",2023,11,"Durham"
"1155","Red-bellied Woodpecker","Melanerpes carolinus",2002,48,"Durham"
"1156","Red-bellied Woodpecker","Melanerpes carolinus",2003,41,"Durham"
"1157","Red-bellied Woodpecker","Melanerpes carolinus",2004,34,"Durham"
"1158","Red-bellied Woodpecker","Melanerpes carolinus",2005,31,"Durham"
"1159","Red-bellied Woodpecker","Melanerpes carolinus",2006,28,"Durham"
"1160","Red-bellied Woodpecker","Melanerpes carolinus",2007,40,"Durham"
"1161","Red-bellied Woodpecker","Melanerpes carolinus",2008,54,"Durham"
"1162","Red-bellied Woodpecker","Melanerpes carolinus",2009,35,"Durham"
"1163","Red-bellied Woodpecker","Melanerpes carolinus",2010,35,"Durham"
"1164","Red-bellied Woodpecker","Melanerpes carolinus",2011,40,"Durham"
"1165","Red-bellied Woodpecker","Melanerpes carolinus",2012,38,"Durham"
"1166","Red-bellied Woodpecker","Melanerpes carolinus",2013,37,"Durham"
"1167","Red-bellied Woodpecker","Melanerpes carolinus",2014,32,"Durham"
"1168","Red-bellied Woodpecker","Melanerpes carolinus",2015,45,"Durham"
"1169","Red-bellied Woodpecker","Melanerpes carolinus",2016,37,"Durham"
"1170","Red-bellied Woodpecker","Melanerpes carolinus",2017,51,"Durham"
"1171","Red-bellied Woodpecker","Melanerpes carolinus",2018,55,"Durham"
"1172","Red-bellied Woodpecker","Melanerpes carolinus",2019,42,"Durham"
"1173","Red-bellied Woodpecker","Melanerpes carolinus",2020,48,"Durham"
"1174","Red-bellied Woodpecker","Melanerpes carolinus",2021,27,"Durham"
"1175","Red-bellied Woodpecker","Melanerpes carolinus",2022,53,"Durham"
"1176","Red-bellied Woodpecker","Melanerpes carolinus",2023,31,"Durham"
"1177","Red-eyed Vireo","Vireo olivaceus",2002,39,"Durham"
"1178","Red-eyed Vireo","Vireo olivaceus",2003,48,"Durham"
"1179","Red-eyed Vireo","Vireo olivaceus",2004,43,"Durham"
"1180","Red-eyed Vireo","Vireo olivaceus",2005,38,"Durham"
"1181","Red-eyed Vireo","Vireo olivaceus",2006,39,"Durham"
"1182","Red-eyed Vireo","Vireo olivaceus",2007,44,"Durham"
"1183","Red-eyed Vireo","Vireo olivaceus",2008,34,"Durham"
"1184","Red-eyed Vireo","Vireo olivaceus",2009,22,"Durham"
"1185","Red-eyed Vireo","Vireo olivaceus",2010,21,"Durham"
"1186","Red-eyed Vireo","Vireo olivaceus",2011,34,"Durham"
"1187","Red-eyed Vireo","Vireo olivaceus",2012,28,"Durham"
"1188","Red-eyed Vireo","Vireo olivaceus",2013,36,"Durham"
"1189","Red-eyed Vireo","Vireo olivaceus",2014,29,"Durham"
"1190","Red-eyed Vireo","Vireo olivaceus",2015,21,"Durham"
"1191","Red-eyed Vireo","Vireo olivaceus",2016,10,"Durham"
"1192","Red-eyed Vireo","Vireo olivaceus",2017,27,"Durham"
"1193","Red-eyed Vireo","Vireo olivaceus",2018,40,"Durham"
"1194","Red-eyed Vireo","Vireo olivaceus",2019,61,"Durham"
"1195","Red-eyed Vireo","Vireo olivaceus",2020,55,"Durham"
"1196","Red-eyed Vireo","Vireo olivaceus",2021,42,"Durham"
"1197","Red-eyed Vireo","Vireo olivaceus",2022,67,"Durham"
"1198","Red-eyed Vireo","Vireo olivaceus",2023,63,"Durham"
"1199","Red-headed Woodpecker","Melanerpes erythrocephalus",2002,1,"Durham"
"1200","Red-headed Woodpecker","Melanerpes erythrocephalus",2003,2,"Durham"
"1201","Red-headed Woodpecker","Melanerpes erythrocephalus",2004,2,"Durham"
"1202","Red-headed Woodpecker","Melanerpes erythrocephalus",2005,1,"Durham"
"1203","Red-headed Woodpecker","Melanerpes erythrocephalus",2007,2,"Durham"
"1204","Red-headed Woodpecker","Melanerpes erythrocephalus",2009,2,"Durham"
"1205","Red-headed Woodpecker","Melanerpes erythrocephalus",2018,1,"Durham"
"1206","Red-headed Woodpecker","Melanerpes erythrocephalus",2019,1,"Durham"
"1207","Red-shouldered Hawk","Buteo lineatus",2002,6,"Durham"
"1208","Red-shouldered Hawk","Buteo lineatus",2003,4,"Durham"
"1209","Red-shouldered Hawk","Buteo lineatus",2004,2,"Durham"
"1210","Red-shouldered Hawk","Buteo lineatus",2006,6,"Durham"
"1211","Red-shouldered Hawk","Buteo lineatus",2007,3,"Durham"
"1212","Red-shouldered Hawk","Buteo lineatus",2008,3,"Durham"
"1213","Red-shouldered Hawk","Buteo lineatus",2009,5,"Durham"
"1214","Red-shouldered Hawk","Buteo lineatus",2010,2,"Durham"
"1215","Red-shouldered Hawk","Buteo lineatus",2011,1,"Durham"
"1216","Red-shouldered Hawk","Buteo lineatus",2012,7,"Durham"
"1217","Red-shouldered Hawk","Buteo lineatus",2013,4,"Durham"
"1218","Red-shouldered Hawk","Buteo lineatus",2014,4,"Durham"
"1219","Red-shouldered Hawk","Buteo lineatus",2015,3,"Durham"
"1220","Red-shouldered Hawk","Buteo lineatus",2016,9,"Durham"
"1221","Red-shouldered Hawk","Buteo lineatus",2017,5,"Durham"
"1222","Red-shouldered Hawk","Buteo lineatus",2018,7,"Durham"
"1223","Red-shouldered Hawk","Buteo lineatus",2019,14,"Durham"
"1224","Red-shouldered Hawk","Buteo lineatus",2020,10,"Durham"
"1225","Red-shouldered Hawk","Buteo lineatus",2021,5,"Durham"
"1226","Red-shouldered Hawk","Buteo lineatus",2022,14,"Durham"
"1227","Red-shouldered Hawk","Buteo lineatus",2023,14,"Durham"
"1228","Red-tailed Hawk","Buteo jamaicensis",2002,1,"Durham"
"1229","Red-tailed Hawk","Buteo jamaicensis",2003,2,"Durham"
"1230","Red-tailed Hawk","Buteo jamaicensis",2004,4,"Durham"
"1231","Red-tailed Hawk","Buteo jamaicensis",2005,1,"Durham"
"1232","Red-tailed Hawk","Buteo jamaicensis",2006,1,"Durham"
"1233","Red-tailed Hawk","Buteo jamaicensis",2007,1,"Durham"
"1234","Red-tailed Hawk","Buteo jamaicensis",2008,2,"Durham"
"1235","Red-tailed Hawk","Buteo jamaicensis",2010,2,"Durham"
"1236","Red-tailed Hawk","Buteo jamaicensis",2011,1,"Durham"
"1237","Red-tailed Hawk","Buteo jamaicensis",2013,1,"Durham"
"1238","Red-tailed Hawk","Buteo jamaicensis",2014,2,"Durham"
"1239","Red-tailed Hawk","Buteo jamaicensis",2015,2,"Durham"
"1240","Red-tailed Hawk","Buteo jamaicensis",2017,3,"Durham"
"1241","Red-tailed Hawk","Buteo jamaicensis",2018,1,"Durham"
"1242","Red-tailed Hawk","Buteo jamaicensis",2020,1,"Durham"
"1243","Red-tailed Hawk","Buteo jamaicensis",2021,7,"Durham"
"1244","Red-tailed Hawk","Buteo jamaicensis",2022,5,"Durham"
"1245","Red-tailed Hawk","Buteo jamaicensis",2023,1,"Durham"
"1246","Red-winged Blackbird","Agelaius phoeniceus",2002,1,"Durham"
"1247","Red-winged Blackbird","Agelaius phoeniceus",2003,6,"Durham"
"1248","Red-winged Blackbird","Agelaius phoeniceus",2004,5,"Durham"
"1249","Red-winged Blackbird","Agelaius phoeniceus",2005,4,"Durham"
"1250","Red-winged Blackbird","Agelaius phoeniceus",2006,7,"Durham"
"1251","Red-winged Blackbird","Agelaius phoeniceus",2007,2,"Durham"
"1252","Red-winged Blackbird","Agelaius phoeniceus",2008,7,"Durham"
"1253","Red-winged Blackbird","Agelaius phoeniceus",2009,6,"Durham"
"1254","Red-winged Blackbird","Agelaius phoeniceus",2010,4,"Durham"
"1255","Red-winged Blackbird","Agelaius phoeniceus",2011,8,"Durham"
"1256","Red-winged Blackbird","Agelaius phoeniceus",2012,4,"Durham"
"1257","Red-winged Blackbird","Agelaius phoeniceus",2013,4,"Durham"
"1258","Red-winged Blackbird","Agelaius phoeniceus",2014,3,"Durham"
"1259","Red-winged Blackbird","Agelaius phoeniceus",2015,2,"Durham"
"1260","Red-winged Blackbird","Agelaius phoeniceus",2016,5,"Durham"
"1261","Red-winged Blackbird","Agelaius phoeniceus",2017,8,"Durham"
"1262","Red-winged Blackbird","Agelaius phoeniceus",2018,3,"Durham"
"1263","Red-winged Blackbird","Agelaius phoeniceus",2019,6,"Durham"
"1264","Red-winged Blackbird","Agelaius phoeniceus",2021,4,"Durham"
"1265","Red-winged Blackbird","Agelaius phoeniceus",2022,5,"Durham"
"1266","Red-winged Blackbird","Agelaius phoeniceus",2023,26,"Durham"
"1267","Rock Pigeon","Columba livia",2005,9,"Durham"
"1268","Rock Pigeon","Columba livia",2006,3,"Durham"
"1269","Rock Pigeon","Columba livia",2007,5,"Durham"
"1270","Rock Pigeon","Columba livia",2009,5,"Durham"
"1271","Rock Pigeon","Columba livia",2013,2,"Durham"
"1272","Rock Pigeon","Columba livia",2018,1,"Durham"
"1273","Rock Pigeon","Columba livia",2019,6,"Durham"
"1274","Rock Pigeon","Columba livia",2021,9,"Durham"
"1275","Rock Pigeon","Columba livia",2022,1,"Durham"
"1276","Rock Pigeon","Columba livia",2023,2,"Durham"
"1277","Ruby-throated Hummingbird","Archilochus colubris",2002,4,"Durham"
"1278","Ruby-throated Hummingbird","Archilochus colubris",2003,2,"Durham"
"1279","Ruby-throated Hummingbird","Archilochus colubris",2004,6,"Durham"
"1280","Ruby-throated Hummingbird","Archilochus colubris",2005,6,"Durham"
"1281","Ruby-throated Hummingbird","Archilochus colubris",2006,1,"Durham"
"1282","Ruby-throated Hummingbird","Archilochus colubris",2007,3,"Durham"
"1283","Ruby-throated Hummingbird","Archilochus colubris",2008,1,"Durham"
"1284","Ruby-throated Hummingbird","Archilochus colubris",2009,1,"Durham"
"1285","Ruby-throated Hummingbird","Archilochus colubris",2010,2,"Durham"
"1286","Ruby-throated Hummingbird","Archilochus colubris",2011,1,"Durham"
"1287","Ruby-throated Hummingbird","Archilochus colubris",2012,3,"Durham"
"1288","Ruby-throated Hummingbird","Archilochus colubris",2013,3,"Durham"
"1289","Ruby-throated Hummingbird","Archilochus colubris",2014,4,"Durham"
"1290","Ruby-throated Hummingbird","Archilochus colubris",2015,1,"Durham"
"1291","Ruby-throated Hummingbird","Archilochus colubris",2016,1,"Durham"
"1292","Ruby-throated Hummingbird","Archilochus colubris",2018,1,"Durham"
"1293","Ruby-throated Hummingbird","Archilochus colubris",2019,3,"Durham"
"1294","Ruby-throated Hummingbird","Archilochus colubris",2020,2,"Durham"
"1295","Ruby-throated Hummingbird","Archilochus colubris",2021,1,"Durham"
"1296","Ruby-throated Hummingbird","Archilochus colubris",2022,2,"Durham"
"1297","Ruby-throated Hummingbird","Archilochus colubris",2023,3,"Durham"
"1298","Scarlet Tanager","Piranga olivacea",2002,5,"Durham"
"1299","Scarlet Tanager","Piranga olivacea",2003,4,"Durham"
"1300","Scarlet Tanager","Piranga olivacea",2004,4,"Durham"
"1301","Scarlet Tanager","Piranga olivacea",2005,1,"Durham"
"1302","Scarlet Tanager","Piranga olivacea",2006,1,"Durham"
"1303","Scarlet Tanager","Piranga olivacea",2007,3,"Durham"
"1304","Scarlet Tanager","Piranga olivacea",2008,2,"Durham"
"1305","Scarlet Tanager","Piranga olivacea",2009,2,"Durham"
"1306","Scarlet Tanager","Piranga olivacea",2010,4,"Durham"
"1307","Scarlet Tanager","Piranga olivacea",2011,7,"Durham"
"1308","Scarlet Tanager","Piranga olivacea",2012,4,"Durham"
"1309","Scarlet Tanager","Piranga olivacea",2013,5,"Durham"
"1310","Scarlet Tanager","Piranga olivacea",2014,4,"Durham"
"1311","Scarlet Tanager","Piranga olivacea",2015,5,"Durham"
"1312","Scarlet Tanager","Piranga olivacea",2016,1,"Durham"
"1313","Scarlet Tanager","Piranga olivacea",2017,1,"Durham"
"1314","Scarlet Tanager","Piranga olivacea",2018,1,"Durham"
"1315","Scarlet Tanager","Piranga olivacea",2019,5,"Durham"
"1316","Scarlet Tanager","Piranga olivacea",2020,2,"Durham"
"1317","Scarlet Tanager","Piranga olivacea",2022,3,"Durham"
"1318","Sharp-shinned Hawk","Accipiter striatus",2005,1,"Durham"
"1319","Sharp-shinned Hawk","Accipiter striatus",2015,1,"Durham"
"1320","Sharp-shinned/Cooper's Hawk","Accipiter striatus/cooperii",2023,1,"Durham"
"1321","Summer Tanager","Piranga rubra",2002,15,"Durham"
"1322","Summer Tanager","Piranga rubra",2003,13,"Durham"
"1323","Summer Tanager","Piranga rubra",2004,13,"Durham"
"1324","Summer Tanager","Piranga rubra",2005,10,"Durham"
"1325","Summer Tanager","Piranga rubra",2006,11,"Durham"
"1326","Summer Tanager","Piranga rubra",2007,15,"Durham"
"1327","Summer Tanager","Piranga rubra",2008,19,"Durham"
"1328","Summer Tanager","Piranga rubra",2009,4,"Durham"
"1329","Summer Tanager","Piranga rubra",2010,13,"Durham"
"1330","Summer Tanager","Piranga rubra",2011,14,"Durham"
"1331","Summer Tanager","Piranga rubra",2012,16,"Durham"
"1332","Summer Tanager","Piranga rubra",2013,11,"Durham"
"1333","Summer Tanager","Piranga rubra",2014,13,"Durham"
"1334","Summer Tanager","Piranga rubra",2015,15,"Durham"
"1335","Summer Tanager","Piranga rubra",2016,13,"Durham"
"1336","Summer Tanager","Piranga rubra",2017,13,"Durham"
"1337","Summer Tanager","Piranga rubra",2018,27,"Durham"
"1338","Summer Tanager","Piranga rubra",2019,18,"Durham"
"1339","Summer Tanager","Piranga rubra",2020,33,"Durham"
"1340","Summer Tanager","Piranga rubra",2021,15,"Durham"
"1341","Summer Tanager","Piranga rubra",2022,28,"Durham"
"1342","Summer Tanager","Piranga rubra",2023,22,"Durham"
"1343","Tree Swallow","Tachycineta bicolor",2011,2,"Durham"
"1344","Tree Swallow","Tachycineta bicolor",2013,2,"Durham"
"1345","Tree Swallow","Tachycineta bicolor",2014,1,"Durham"
"1346","Tree Swallow","Tachycineta bicolor",2015,3,"Durham"
"1347","Tree Swallow","Tachycineta bicolor",2017,6,"Durham"
"1348","Tree Swallow","Tachycineta bicolor",2018,3,"Durham"
"1349","Tree Swallow","Tachycineta bicolor",2019,4,"Durham"
"1350","Tree Swallow","Tachycineta bicolor",2020,6,"Durham"
"1351","Tree Swallow","Tachycineta bicolor",2021,12,"Durham"
"1352","Tree Swallow","Tachycineta bicolor",2022,1,"Durham"
"1353","Tree Swallow","Tachycineta bicolor",2023,5,"Durham"
"1354","Tufted Titmouse","Baeolophus bicolor",2002,73,"Durham"
"1355","Tufted Titmouse","Baeolophus bicolor",2003,81,"Durham"
"1356","Tufted Titmouse","Baeolophus bicolor",2004,63,"Durham"
"1357","Tufted Titmouse","Baeolophus bicolor",2005,38,"Durham"
"1358","Tufted Titmouse","Baeolophus bicolor",2006,59,"Durham"
"1359","Tufted Titmouse","Baeolophus bicolor",2007,59,"Durham"
"1360","Tufted Titmouse","Baeolophus bicolor",2008,100,"Durham"
"1361","Tufted Titmouse","Baeolophus bicolor",2009,61,"Durham"
"1362","Tufted Titmouse","Baeolophus bicolor",2010,36,"Durham"
"1363","Tufted Titmouse","Baeolophus bicolor",2011,101,"Durham"
"1364","Tufted Titmouse","Baeolophus bicolor",2012,83,"Durham"
"1365","Tufted Titmouse","Baeolophus bicolor",2013,69,"Durham"
"1366","Tufted Titmouse","Baeolophus bicolor",2014,61,"Durham"
"1367","Tufted Titmouse","Baeolophus bicolor",2015,81,"Durham"
"1368","Tufted Titmouse","Baeolophus bicolor",2016,43,"Durham"
"1369","Tufted Titmouse","Baeolophus bicolor",2017,84,"Durham"
"1370","Tufted Titmouse","Baeolophus bicolor",2018,125,"Durham"
"1371","Tufted Titmouse","Baeolophus bicolor",2019,73,"Durham"
"1372","Tufted Titmouse","Baeolophus bicolor",2020,76,"Durham"
"1373","Tufted Titmouse","Baeolophus bicolor",2021,83,"Durham"
"1374","Tufted Titmouse","Baeolophus bicolor",2022,89,"Durham"
"1375","Tufted Titmouse","Baeolophus bicolor",2023,98,"Durham"
"1376","Turkey Vulture","Cathartes aura",2003,2,"Durham"
"1377","Turkey Vulture","Cathartes aura",2005,2,"Durham"
"1378","Turkey Vulture","Cathartes aura",2007,3,"Durham"
"1379","Turkey Vulture","Cathartes aura",2009,4,"Durham"
"1380","Turkey Vulture","Cathartes aura",2011,3,"Durham"
"1381","Turkey Vulture","Cathartes aura",2013,2,"Durham"
"1382","Turkey Vulture","Cathartes aura",2016,4,"Durham"
"1383","Turkey Vulture","Cathartes aura",2018,6,"Durham"
"1384","Turkey Vulture","Cathartes aura",2019,5,"Durham"
"1385","Turkey Vulture","Cathartes aura",2020,3,"Durham"
"1386","Turkey Vulture","Cathartes aura",2021,4,"Durham"
"1387","Turkey Vulture","Cathartes aura",2023,4,"Durham"
"1388","Warbling Vireo","Vireo gilvus",2017,1,"Durham"
"1389","White-breasted Nuthatch","Sitta carolinensis",2002,10,"Durham"
"1390","White-breasted Nuthatch","Sitta carolinensis",2003,7,"Durham"
"1391","White-breasted Nuthatch","Sitta carolinensis",2004,11,"Durham"
"1392","White-breasted Nuthatch","Sitta carolinensis",2005,9,"Durham"
"1393","White-breasted Nuthatch","Sitta carolinensis",2006,13,"Durham"
"1394","White-breasted Nuthatch","Sitta carolinensis",2007,6,"Durham"
"1395","White-breasted Nuthatch","Sitta carolinensis",2008,7,"Durham"
"1396","White-breasted Nuthatch","Sitta carolinensis",2009,6,"Durham"
"1397","White-breasted Nuthatch","Sitta carolinensis",2010,4,"Durham"
"1398","White-breasted Nuthatch","Sitta carolinensis",2011,8,"Durham"
"1399","White-breasted Nuthatch","Sitta carolinensis",2012,5,"Durham"
"1400","White-breasted Nuthatch","Sitta carolinensis",2013,5,"Durham"
"1401","White-breasted Nuthatch","Sitta carolinensis",2014,5,"Durham"
"1402","White-breasted Nuthatch","Sitta carolinensis",2015,4,"Durham"
"1403","White-breasted Nuthatch","Sitta carolinensis",2016,7,"Durham"
"1404","White-breasted Nuthatch","Sitta carolinensis",2017,6,"Durham"
"1405","White-breasted Nuthatch","Sitta carolinensis",2018,4,"Durham"
"1406","White-breasted Nuthatch","Sitta carolinensis",2019,7,"Durham"
"1407","White-breasted Nuthatch","Sitta carolinensis",2020,19,"Durham"
"1408","White-breasted Nuthatch","Sitta carolinensis",2021,14,"Durham"
"1409","White-breasted Nuthatch","Sitta carolinensis",2022,11,"Durham"
"1410","White-breasted Nuthatch","Sitta carolinensis",2023,11,"Durham"
"1411","White-eyed Vireo","Vireo griseus",2002,3,"Durham"
"1412","White-eyed Vireo","Vireo griseus",2003,2,"Durham"
"1413","White-eyed Vireo","Vireo griseus",2005,3,"Durham"
"1414","White-eyed Vireo","Vireo griseus",2006,1,"Durham"
"1415","White-eyed Vireo","Vireo griseus",2007,2,"Durham"
"1416","White-eyed Vireo","Vireo griseus",2008,6,"Durham"
"1417","White-eyed Vireo","Vireo griseus",2009,1,"Durham"
"1418","White-eyed Vireo","Vireo griseus",2010,3,"Durham"
"1419","White-eyed Vireo","Vireo griseus",2011,4,"Durham"
"1420","White-eyed Vireo","Vireo griseus",2012,4,"Durham"
"1421","White-eyed Vireo","Vireo griseus",2013,4,"Durham"
"1422","White-eyed Vireo","Vireo griseus",2014,6,"Durham"
"1423","White-eyed Vireo","Vireo griseus",2015,5,"Durham"
"1424","White-eyed Vireo","Vireo griseus",2016,5,"Durham"
"1425","White-eyed Vireo","Vireo griseus",2017,6,"Durham"
"1426","White-eyed Vireo","Vireo griseus",2018,3,"Durham"
"1427","White-eyed Vireo","Vireo griseus",2019,11,"Durham"
"1428","White-eyed Vireo","Vireo griseus",2020,11,"Durham"
"1429","White-eyed Vireo","Vireo griseus",2021,13,"Durham"
"1430","White-eyed Vireo","Vireo griseus",2022,13,"Durham"
"1431","White-eyed Vireo","Vireo griseus",2023,10,"Durham"
"1432","Wild Turkey","Meleagris gallopavo",2002,1,"Durham"
"1433","Wild Turkey","Meleagris gallopavo",2008,1,"Durham"
"1434","Wild Turkey","Meleagris gallopavo",2009,1,"Durham"
"1435","Wild Turkey","Meleagris gallopavo",2014,1,"Durham"
"1436","Wild Turkey","Meleagris gallopavo",2018,1,"Durham"
"1437","Wild Turkey","Meleagris gallopavo",2019,8,"Durham"
"1438","Wild Turkey","Meleagris gallopavo",2021,4,"Durham"
"1439","Wild Turkey","Meleagris gallopavo",2022,4,"Durham"
"1440","Wood Thrush","Hylocichla mustelina",2002,39,"Durham"
"1441","Wood Thrush","Hylocichla mustelina",2003,31,"Durham"
"1442","Wood Thrush","Hylocichla mustelina",2004,49,"Durham"
"1443","Wood Thrush","Hylocichla mustelina",2005,44,"Durham"
"1444","Wood Thrush","Hylocichla mustelina",2006,46,"Durham"
"1445","Wood Thrush","Hylocichla mustelina",2007,39,"Durham"
"1446","Wood Thrush","Hylocichla mustelina",2008,34,"Durham"
"1447","Wood Thrush","Hylocichla mustelina",2009,19,"Durham"
"1448","Wood Thrush","Hylocichla mustelina",2010,17,"Durham"
"1449","Wood Thrush","Hylocichla mustelina",2011,16,"Durham"
"1450","Wood Thrush","Hylocichla mustelina",2012,14,"Durham"
"1451","Wood Thrush","Hylocichla mustelina",2013,17,"Durham"
"1452","Wood Thrush","Hylocichla mustelina",2014,14,"Durham"
"1453","Wood Thrush","Hylocichla mustelina",2015,11,"Durham"
"1454","Wood Thrush","Hylocichla mustelina",2016,3,"Durham"
"1455","Wood Thrush","Hylocichla mustelina",2017,17,"Durham"
"1456","Wood Thrush","Hylocichla mustelina",2018,19,"Durham"
"1457","Wood Thrush","Hylocichla mustelina",2019,23,"Durham"
"1458","Wood Thrush","Hylocichla mustelina",2020,17,"Durham"
"1459","Wood Thrush","Hylocichla mustelina",2021,6,"Durham"
"1460","Wood Thrush","Hylocichla mustelina",2022,8,"Durham"
"1461","Wood Thrush","Hylocichla mustelina",2023,15,"Durham"
"1462","Worm-eating Warbler","Helmitheros vermivorum",2022,1,"Durham"
"1463","Yellow Warbler","Setophaga petechia",2018,1,"Durham"
"1464","Yellow Warbler","Setophaga petechia",2019,1,"Durham"
"1465","Yellow Warbler","Setophaga petechia",2020,1,"Durham"
"1466","Yellow-billed Cuckoo","Coccyzus americanus",2002,1,"Durham"
"1467","Yellow-billed Cuckoo","Coccyzus americanus",2003,2,"Durham"
"1468","Yellow-billed Cuckoo","Coccyzus americanus",2004,5,"Durham"
"1469","Yellow-billed Cuckoo","Coccyzus americanus",2005,11,"Durham"
"1470","Yellow-billed Cuckoo","Coccyzus americanus",2006,5,"Durham"
"1471","Yellow-billed Cuckoo","Coccyzus americanus",2007,8,"Durham"
"1472","Yellow-billed Cuckoo","Coccyzus americanus",2008,5,"Durham"
"1473","Yellow-billed Cuckoo","Coccyzus americanus",2009,2,"Durham"
"1474","Yellow-billed Cuckoo","Coccyzus americanus",2010,2,"Durham"
"1475","Yellow-billed Cuckoo","Coccyzus americanus",2011,7,"Durham"
"1476","Yellow-billed Cuckoo","Coccyzus americanus",2012,7,"Durham"
"1477","Yellow-billed Cuckoo","Coccyzus americanus",2013,6,"Durham"
"1478","Yellow-billed Cuckoo","Coccyzus americanus",2014,2,"Durham"
"1479","Yellow-billed Cuckoo","Coccyzus americanus",2015,4,"Durham"
"1480","Yellow-billed Cuckoo","Coccyzus americanus",2016,10,"Durham"
"1481","Yellow-billed Cuckoo","Coccyzus americanus",2017,9,"Durham"
"1482","Yellow-billed Cuckoo","Coccyzus americanus",2018,14,"Durham"
"1483","Yellow-billed Cuckoo","Coccyzus americanus",2019,23,"Durham"
"1484","Yellow-billed Cuckoo","Coccyzus americanus",2020,6,"Durham"
"1485","Yellow-billed Cuckoo","Coccyzus americanus",2021,3,"Durham"
"1486","Yellow-billed Cuckoo","Coccyzus americanus",2022,7,"Durham"
"1487","Yellow-billed Cuckoo","Coccyzus americanus",2023,1,"Durham"
"1488","Yellow-breasted Chat","Icteria virens",2002,14,"Durham"
"1489","Yellow-breasted Chat","Icteria virens",2003,10,"Durham"
"1490","Yellow-breasted Chat","Icteria virens",2004,8,"Durham"
"1491","Yellow-breasted Chat","Icteria virens",2005,15,"Durham"
"1492","Yellow-breasted Chat","Icteria virens",2006,8,"Durham"
"1493","Yellow-breasted Chat","Icteria virens",2007,8,"Durham"
"1494","Yellow-breasted Chat","Icteria virens",2008,17,"Durham"
"1495","Yellow-breasted Chat","Icteria virens",2009,4,"Durham"
"1496","Yellow-breasted Chat","Icteria virens",2010,6,"Durham"
"1497","Yellow-breasted Chat","Icteria virens",2011,11,"Durham"
"1498","Yellow-breasted Chat","Icteria virens",2012,6,"Durham"
"1499","Yellow-breasted Chat","Icteria virens",2013,6,"Durham"
"1500","Yellow-breasted Chat","Icteria virens",2014,5,"Durham"
"1501","Yellow-breasted Chat","Icteria virens",2015,3,"Durham"
"1502","Yellow-breasted Chat","Icteria virens",2016,6,"Durham"
"1503","Yellow-breasted Chat","Icteria virens",2017,4,"Durham"
"1504","Yellow-breasted Chat","Icteria virens",2018,2,"Durham"
"1505","Yellow-breasted Chat","Icteria virens",2019,6,"Durham"
"1506","Yellow-breasted Chat","Icteria virens",2020,7,"Durham"
"1507","Yellow-breasted Chat","Icteria virens",2021,7,"Durham"
"1508","Yellow-breasted Chat","Icteria virens",2022,5,"Durham"
"1509","Yellow-breasted Chat","Icteria virens",2023,2,"Durham"
"1510","Yellow-throated Vireo","Vireo flavifrons",2002,4,"Durham"
"1511","Yellow-throated Vireo","Vireo flavifrons",2003,3,"Durham"
"1512","Yellow-throated Vireo","Vireo flavifrons",2004,3,"Durham"
"1513","Yellow-throated Vireo","Vireo flavifrons",2005,1,"Durham"
"1514","Yellow-throated Vireo","Vireo flavifrons",2006,1,"Durham"
"1515","Yellow-throated Vireo","Vireo flavifrons",2007,5,"Durham"
"1516","Yellow-throated Vireo","Vireo flavifrons",2008,2,"Durham"
"1517","Yellow-throated Vireo","Vireo flavifrons",2009,4,"Durham"
"1518","Yellow-throated Vireo","Vireo flavifrons",2010,2,"Durham"
"1519","Yellow-throated Vireo","Vireo flavifrons",2012,1,"Durham"
"1520","Yellow-throated Vireo","Vireo flavifrons",2013,1,"Durham"
"1521","Yellow-throated Vireo","Vireo flavifrons",2014,2,"Durham"
"1522","Yellow-throated Vireo","Vireo flavifrons",2015,2,"Durham"
"1523","Yellow-throated Vireo","Vireo flavifrons",2017,1,"Durham"
"1524","Yellow-throated Vireo","Vireo flavifrons",2018,4,"Durham"
"1525","Yellow-throated Vireo","Vireo flavifrons",2019,4,"Durham"
"1526","Yellow-throated Vireo","Vireo flavifrons",2020,2,"Durham"
"1527","Yellow-throated Vireo","Vireo flavifrons",2021,5,"Durham"
"1528","Yellow-throated Vireo","Vireo flavifrons",2022,3,"Durham"
"1529","Yellow-throated Vireo","Vireo flavifrons",2023,4,"Durham"
"1530","Yellow-throated Warbler","Setophaga dominica",2002,3,"Durham"
"1531","Yellow-throated Warbler","Setophaga dominica",2003,1,"Durham"
"1532","Yellow-throated Warbler","Setophaga dominica",2004,1,"Durham"
"1533","Yellow-throated Warbler","Setophaga dominica",2005,2,"Durham"
"1534","Yellow-throated Warbler","Setophaga dominica",2006,1,"Durham"
"1535","Yellow-throated Warbler","Setophaga dominica",2007,2,"Durham"
"1536","Yellow-throated Warbler","Setophaga dominica",2008,2,"Durham"
"1537","Yellow-throated Warbler","Setophaga dominica",2009,2,"Durham"
"1538","Yellow-throated Warbler","Setophaga dominica",2010,3,"Durham"
"1539","Yellow-throated Warbler","Setophaga dominica",2011,3,"Durham"
"1540","Yellow-throated Warbler","Setophaga dominica",2012,1,"Durham"
"1541","Yellow-throated Warbler","Setophaga dominica",2013,1,"Durham"
"1542","Yellow-throated Warbler","Setophaga dominica",2014,1,"Durham"
"1543","Yellow-throated Warbler","Setophaga dominica",2015,3,"Durham"
"1544","Yellow-throated Warbler","Setophaga dominica",2016,2,"Durham"
"1545","Yellow-throated Warbler","Setophaga dominica",2017,2,"Durham"
"1546","Yellow-throated Warbler","Setophaga dominica",2018,5,"Durham"
"1547","Yellow-throated Warbler","Setophaga dominica",2019,8,"Durham"
"1548","Yellow-throated Warbler","Setophaga dominica",2020,5,"Durham"
"1549","Yellow-throated Warbler","Setophaga dominica",2021,7,"Durham"
"1550","Yellow-throated Warbler","Setophaga dominica",2022,7,"Durham"
"1551","Yellow-throated Warbler","Setophaga dominica",2023,4,"Durham"
